timestamp,code,name,area,current,capacity,occupancy_pct
2025-09-04T17:58:22.780345+08:00,BTSC,北投運動中心,游泳池,0,200,0.00
2025-09-04T17:58:22.780345+08:00,BTSC,北投運動中心,健身房,29,60,48.33
2025-09-04T17:58:22.780345+08:00,DASC,大安運動中心,游泳池,95,250,38.00
2025-09-04T17:58:22.780345+08:00,DASC,大安運動中心,健身房,48,80,60.00
2025-09-04T17:58:22.780345+08:00,DTSC,大同運動中心,游泳池,67,250,26.80
2025-09-04T17:58:22.780345+08:00,DTSC,大同運動中心,健身房,51,90,56.67
2025-09-04T17:58:22.780345+08:00,JJSC,中正運動中心,游泳池,20,200,10.00
2025-09-04T17:58:22.780345+08:00,JJSC,中正運動中心,健身房,77,120,64.17
2025-09-04T17:58:22.780345+08:00,NHSC,內湖運動中心,游泳池,44,200,22.00
2025-09-04T17:58:22.780345+08:00,NHSC,內湖運動中心,健身房,68,130,52.31
2025-09-04T17:58:22.780345+08:00,SLSC,士林運動中心,游泳池,62,200,31.00
2025-09-04T17:58:22.780345+08:00,SLSC,士林運動中心,健身房,41,100,41.00
2025-09-04T17:58:22.780345+08:00,SSSC,松山運動中心,游泳池,66,400,16.50
2025-09-04T17:58:22.780345+08:00,SSSC,松山運動中心,健身房,78,100,78.00
2025-09-04T17:58:22.780345+08:00,WHSC,萬華運動中心,游泳池,30,100,30.00
2025-09-04T17:58:22.780345+08:00,WHSC,萬華運動中心,健身房,51,150,34.00
2025-09-04T17:58:22.780345+08:00,WSSC,文山運動中心,游泳池,74,200,37.00
2025-09-04T17:58:22.780345+08:00,WSSC,文山運動中心,健身房,47,110,42.73
2025-09-04T17:58:22.780345+08:00,XYSC,信義運動中心,游泳池,42,165,25.45
2025-09-04T17:58:22.780345+08:00,XYSC,信義運動中心,健身房,40,65,61.54
2025-09-04T17:58:22.780345+08:00,ZSSC,中山運動中心,游泳池,31,150,20.67
2025-09-04T17:58:22.780345+08:00,ZSSC,中山運動中心,健身房,35,50,70.00
2025-09-04T18:11:09.838214+08:00,BTSC,北投運動中心,游泳池,0,200,0.00
2025-09-04T18:11:09.838214+08:00,BTSC,北投運動中心,健身房,26,60,43.33
2025-09-04T18:11:09.838214+08:00,DASC,大安運動中心,游泳池,102,250,40.80
2025-09-04T18:11:09.838214+08:00,DASC,大安運動中心,健身房,53,80,66.25
2025-09-04T18:11:09.838214+08:00,DTSC,大同運動中心,游泳池,66,250,26.40
2025-09-04T18:11:09.838214+08:00,DTSC,大同運動中心,健身房,45,90,50.00
2025-09-04T18:11:09.838214+08:00,JJSC,中正運動中心,游泳池,0,200,0.00
2025-09-04T18:11:09.838214+08:00,JJSC,中正運動中心,健身房,76,120,63.33
2025-09-04T18:11:09.838214+08:00,NHSC,內湖運動中心,游泳池,39,200,19.50
2025-09-04T18:11:09.838214+08:00,NHSC,內湖運動中心,健身房,79,130,60.77
2025-09-04T18:11:09.838214+08:00,SLSC,士林運動中心,游泳池,67,200,33.50
2025-09-04T18:11:09.838214+08:00,SLSC,士林運動中心,健身房,36,100,36.00
2025-09-04T18:11:09.838214+08:00,SSSC,松山運動中心,游泳池,77,400,19.25
2025-09-04T18:11:09.838214+08:00,SSSC,松山運動中心,健身房,75,100,75.00
2025-09-04T18:11:09.838214+08:00,WHSC,萬華運動中心,游泳池,29,100,29.00
2025-09-04T18:11:09.838214+08:00,WHSC,萬華運動中心,健身房,61,150,40.67
2025-09-04T18:11:09.838214+08:00,WSSC,文山運動中心,游泳池,78,200,39.00
2025-09-04T18:11:09.838214+08:00,WSSC,文山運動中心,健身房,50,110,45.45
2025-09-04T18:11:09.838214+08:00,XYSC,信義運動中心,游泳池,44,165,26.67
2025-09-04T18:11:09.838214+08:00,XYSC,信義運動中心,健身房,42,65,64.62
2025-09-04T18:11:09.838214+08:00,ZSSC,中山運動中心,游泳池,37,150,24.67
2025-09-04T18:11:09.838214+08:00,ZSSC,中山運動中心,健身房,39,50,78.00
2025-09-04T18:33:39.705793+08:00,BTSC,北投運動中心,游泳池,2,200,1.00
2025-09-04T18:33:39.705793+08:00,BTSC,北投運動中心,健身房,23,60,38.33
2025-09-04T18:33:39.705793+08:00,DASC,大安運動中心,游泳池,124,250,49.60
2025-09-04T18:33:39.705793+08:00,DASC,大安運動中心,健身房,61,80,76.25
2025-09-04T18:33:39.705793+08:00,DTSC,大同運動中心,游泳池,59,250,23.60
2025-09-04T18:33:39.705793+08:00,DTSC,大同運動中心,健身房,63,90,70.00
2025-09-04T18:33:39.705793+08:00,JJSC,中正運動中心,游泳池,6,200,3.00
2025-09-04T18:33:39.705793+08:00,JJSC,中正運動中心,健身房,84,120,70.00
2025-09-04T18:33:39.705793+08:00,NHSC,內湖運動中心,游泳池,68,200,34.00
2025-09-04T18:33:39.705793+08:00,NHSC,內湖運動中心,健身房,97,130,74.62
2025-09-04T18:33:39.705793+08:00,SLSC,士林運動中心,游泳池,85,200,42.50
2025-09-04T18:33:39.705793+08:00,SLSC,士林運動中心,健身房,45,100,45.00
2025-09-04T18:33:39.705793+08:00,SSSC,松山運動中心,游泳池,88,400,22.00
2025-09-04T18:33:39.705793+08:00,SSSC,松山運動中心,健身房,80,100,80.00
2025-09-04T18:33:39.705793+08:00,WHSC,萬華運動中心,游泳池,31,100,31.00
2025-09-04T18:33:39.705793+08:00,WHSC,萬華運動中心,健身房,66,150,44.00
2025-09-04T18:33:39.705793+08:00,WSSC,文山運動中心,游泳池,73,200,36.50
2025-09-04T18:33:39.705793+08:00,WSSC,文山運動中心,健身房,46,110,41.82
2025-09-04T18:33:39.705793+08:00,XYSC,信義運動中心,游泳池,40,165,24.24
2025-09-04T18:33:39.705793+08:00,XYSC,信義運動中心,健身房,41,65,63.08
2025-09-04T18:33:39.705793+08:00,ZSSC,中山運動中心,游泳池,47,150,31.33
2025-09-04T18:33:39.705793+08:00,ZSSC,中山運動中心,健身房,38,50,76.00
2025-09-04T18:44:20.303119+08:00,BTSC,北投運動中心,游泳池,0,200,0.00
2025-09-04T18:44:20.303119+08:00,BTSC,北投運動中心,健身房,28,60,46.67
2025-09-04T18:44:20.303119+08:00,DASC,大安運動中心,游泳池,115,250,46.00
2025-09-04T18:44:20.303119+08:00,DASC,大安運動中心,健身房,70,80,87.50
2025-09-04T18:44:20.303119+08:00,DTSC,大同運動中心,游泳池,60,250,24.00
2025-09-04T18:44:20.303119+08:00,DTSC,大同運動中心,健身房,71,90,78.89
2025-09-04T18:44:20.303119+08:00,JJSC,中正運動中心,游泳池,9,200,4.50
2025-09-04T18:44:20.303119+08:00,JJSC,中正運動中心,健身房,89,120,74.17
2025-09-04T18:44:20.303119+08:00,NHSC,內湖運動中心,游泳池,67,200,33.50
2025-09-04T18:44:20.303119+08:00,NHSC,內湖運動中心,健身房,106,130,81.54
2025-09-04T18:44:20.303119+08:00,SLSC,士林運動中心,游泳池,79,200,39.50
2025-09-04T18:44:20.303119+08:00,SLSC,士林運動中心,健身房,47,100,47.00
2025-09-04T18:44:20.303119+08:00,SSSC,松山運動中心,游泳池,85,400,21.25
2025-09-04T18:44:20.303119+08:00,SSSC,松山運動中心,健身房,86,100,86.00
2025-09-04T18:44:20.303119+08:00,WHSC,萬華運動中心,游泳池,32,100,32.00
2025-09-04T18:44:20.303119+08:00,WHSC,萬華運動中心,健身房,72,150,48.00
2025-09-04T18:44:20.303119+08:00,WSSC,文山運動中心,游泳池,74,200,37.00
2025-09-04T18:44:20.303119+08:00,WSSC,文山運動中心,健身房,47,110,42.73
2025-09-04T18:44:20.303119+08:00,XYSC,信義運動中心,游泳池,37,165,22.42
2025-09-04T18:44:20.303119+08:00,XYSC,信義運動中心,健身房,49,65,75.38
2025-09-04T18:44:20.303119+08:00,ZSSC,中山運動中心,游泳池,56,150,37.33
2025-09-04T18:44:20.303119+08:00,ZSSC,中山運動中心,健身房,42,50,84.00
2025-09-04T18:50:50.724078+08:00,BTSC,北投運動中心,游泳池,0,200,0.00
2025-09-04T18:50:50.724078+08:00,BTSC,北投運動中心,健身房,28,60,46.67
2025-09-04T18:50:50.724078+08:00,DASC,大安運動中心,游泳池,115,250,46.00
2025-09-04T18:50:50.724078+08:00,DASC,大安運動中心,健身房,67,80,83.75
2025-09-04T18:50:50.724078+08:00,DTSC,大同運動中心,游泳池,63,250,25.20
2025-09-04T18:50:50.724078+08:00,DTSC,大同運動中心,健身房,73,90,81.11
2025-09-04T18:50:50.724078+08:00,JJSC,中正運動中心,游泳池,10,200,5.00
2025-09-04T18:50:50.724078+08:00,JJSC,中正運動中心,健身房,95,120,79.17
2025-09-04T18:50:50.724078+08:00,NHSC,內湖運動中心,游泳池,64,200,32.00
2025-09-04T18:50:50.724078+08:00,NHSC,內湖運動中心,健身房,109,130,83.85
2025-09-04T18:50:50.724078+08:00,SLSC,士林運動中心,游泳池,79,200,39.50
2025-09-04T18:50:50.724078+08:00,SLSC,士林運動中心,健身房,49,100,49.00
2025-09-04T18:50:50.724078+08:00,SSSC,松山運動中心,游泳池,97,400,24.25
2025-09-04T18:50:50.724078+08:00,SSSC,松山運動中心,健身房,91,100,91.00
2025-09-04T18:50:50.724078+08:00,WHSC,萬華運動中心,游泳池,33,100,33.00
2025-09-04T18:50:50.724078+08:00,WHSC,萬華運動中心,健身房,68,150,45.33
2025-09-04T18:50:50.724078+08:00,WSSC,文山運動中心,游泳池,76,200,38.00
2025-09-04T18:50:50.724078+08:00,WSSC,文山運動中心,健身房,46,110,41.82
2025-09-04T18:50:50.724078+08:00,XYSC,信義運動中心,游泳池,39,165,23.64
2025-09-04T18:50:50.724078+08:00,XYSC,信義運動中心,健身房,51,65,78.46
2025-09-04T18:50:50.724078+08:00,ZSSC,中山運動中心,游泳池,60,150,40.00
2025-09-04T18:50:50.724078+08:00,ZSSC,中山運動中心,健身房,42,50,84.00
2025-09-04T18:57:51.482352+08:00,BTSC,北投運動中心,游泳池,4,200,2.00
2025-09-04T18:57:51.482352+08:00,BTSC,北投運動中心,健身房,33,60,55.00
2025-09-04T18:57:51.482352+08:00,DASC,大安運動中心,游泳池,112,250,44.80
2025-09-04T18:57:51.482352+08:00,DASC,大安運動中心,健身房,66,80,82.50
2025-09-04T18:57:51.482352+08:00,DTSC,大同運動中心,游泳池,66,250,26.40
2025-09-04T18:57:51.482352+08:00,DTSC,大同運動中心,健身房,75,90,83.33
2025-09-04T18:57:51.482352+08:00,JJSC,中正運動中心,游泳池,3,200,1.50
2025-09-04T18:57:51.482352+08:00,JJSC,中正運動中心,健身房,87,120,72.50
2025-09-04T18:57:51.482352+08:00,NHSC,內湖運動中心,游泳池,65,200,32.50
2025-09-04T18:57:51.482352+08:00,NHSC,內湖運動中心,健身房,118,130,90.77
2025-09-04T18:57:51.482352+08:00,SLSC,士林運動中心,游泳池,67,200,33.50
2025-09-04T18:57:51.482352+08:00,SLSC,士林運動中心,健身房,50,100,50.00
2025-09-04T18:57:51.482352+08:00,SSSC,松山運動中心,游泳池,112,400,28.00
2025-09-04T18:57:51.482352+08:00,SSSC,松山運動中心,健身房,86,100,86.00
2025-09-04T18:57:51.482352+08:00,WHSC,萬華運動中心,游泳池,33,100,33.00
2025-09-04T18:57:51.482352+08:00,WHSC,萬華運動中心,健身房,66,150,44.00
2025-09-04T18:57:51.482352+08:00,WSSC,文山運動中心,游泳池,77,200,38.50
2025-09-04T18:57:51.482352+08:00,WSSC,文山運動中心,健身房,41,110,37.27
2025-09-04T18:57:51.482352+08:00,XYSC,信義運動中心,游泳池,43,165,26.06
2025-09-04T18:57:51.482352+08:00,XYSC,信義運動中心,健身房,55,65,84.62
2025-09-04T18:57:51.482352+08:00,ZSSC,中山運動中心,游泳池,69,150,46.00
2025-09-04T18:57:51.482352+08:00,ZSSC,中山運動中心,健身房,47,50,94.00
2025-09-04T19:13:19.439914+08:00,BTSC,北投運動中心,游泳池,9,200,4.50
2025-09-04T19:13:19.439914+08:00,BTSC,北投運動中心,健身房,39,60,65.00
2025-09-04T19:13:19.439914+08:00,DASC,大安運動中心,游泳池,108,250,43.20
2025-09-04T19:13:19.439914+08:00,DASC,大安運動中心,健身房,67,80,83.75
2025-09-04T19:13:19.439914+08:00,DTSC,大同運動中心,游泳池,64,250,25.60
2025-09-04T19:13:19.439914+08:00,DTSC,大同運動中心,健身房,74,90,82.22
2025-09-04T19:13:19.439914+08:00,JJSC,中正運動中心,游泳池,1,200,0.50
2025-09-04T19:13:19.439914+08:00,JJSC,中正運動中心,健身房,83,120,69.17
2025-09-04T19:13:19.439914+08:00,NHSC,內湖運動中心,游泳池,67,200,33.50
2025-09-04T19:13:19.439914+08:00,NHSC,內湖運動中心,健身房,116,130,89.23
2025-09-04T19:13:19.439914+08:00,SLSC,士林運動中心,游泳池,62,200,31.00
2025-09-04T19:13:19.439914+08:00,SLSC,士林運動中心,健身房,55,100,55.00
2025-09-04T19:13:19.439914+08:00,SSSC,松山運動中心,游泳池,129,400,32.25
2025-09-04T19:13:19.439914+08:00,SSSC,松山運動中心,健身房,92,100,92.00
2025-09-04T19:13:19.439914+08:00,WHSC,萬華運動中心,游泳池,37,100,37.00
2025-09-04T19:13:19.439914+08:00,WHSC,萬華運動中心,健身房,74,150,49.33
2025-09-04T19:13:19.439914+08:00,WSSC,文山運動中心,游泳池,78,200,39.00
2025-09-04T19:13:19.439914+08:00,WSSC,文山運動中心,健身房,41,110,37.27
2025-09-04T19:13:19.439914+08:00,XYSC,信義運動中心,游泳池,36,165,21.82
2025-09-04T19:13:19.439914+08:00,XYSC,信義運動中心,健身房,59,65,90.77
2025-09-04T19:13:19.439914+08:00,ZSSC,中山運動中心,游泳池,56,150,37.33
2025-09-04T19:13:19.439914+08:00,ZSSC,中山運動中心,健身房,48,50,96.00
2025-09-04T19:27:20.412860+08:00,BTSC,北投運動中心,游泳池,8,200,4.00
2025-09-04T19:27:20.412860+08:00,BTSC,北投運動中心,健身房,32,60,53.33
2025-09-04T19:27:20.412860+08:00,DASC,大安運動中心,游泳池,88,250,35.20
2025-09-04T19:27:20.412860+08:00,DASC,大安運動中心,健身房,54,80,67.50
2025-09-04T19:27:20.412860+08:00,DTSC,大同運動中心,游泳池,66,250,26.40
2025-09-04T19:27:20.412860+08:00,DTSC,大同運動中心,健身房,61,90,67.78
2025-09-04T19:27:20.412860+08:00,JJSC,中正運動中心,游泳池,4,200,2.00
2025-09-04T19:27:20.412860+08:00,JJSC,中正運動中心,健身房,81,120,67.50
2025-09-04T19:27:20.412860+08:00,NHSC,內湖運動中心,游泳池,76,200,38.00
2025-09-04T19:27:20.412860+08:00,NHSC,內湖運動中心,健身房,117,130,90.00
2025-09-04T19:27:20.412860+08:00,SLSC,士林運動中心,游泳池,67,200,33.50
2025-09-04T19:27:20.412860+08:00,SLSC,士林運動中心,健身房,62,100,62.00
2025-09-04T19:27:20.412860+08:00,SSSC,松山運動中心,游泳池,131,400,32.75
2025-09-04T19:27:20.412860+08:00,SSSC,松山運動中心,健身房,91,100,91.00
2025-09-04T19:27:20.412860+08:00,WHSC,萬華運動中心,游泳池,40,100,40.00
2025-09-04T19:27:20.412860+08:00,WHSC,萬華運動中心,健身房,78,150,52.00
2025-09-04T19:27:20.412860+08:00,WSSC,文山運動中心,游泳池,71,200,35.50
2025-09-04T19:27:20.412860+08:00,WSSC,文山運動中心,健身房,40,110,36.36
2025-09-04T19:27:20.412860+08:00,XYSC,信義運動中心,游泳池,32,165,19.39
2025-09-04T19:27:20.412860+08:00,XYSC,信義運動中心,健身房,56,65,86.15
2025-09-04T19:27:20.412860+08:00,ZSSC,中山運動中心,游泳池,42,150,28.00
2025-09-04T19:27:20.412860+08:00,ZSSC,中山運動中心,健身房,47,50,94.00
2025-09-04T19:34:38.461547+08:00,BTSC,北投運動中心,游泳池,16,200,8.00
2025-09-04T19:34:38.461547+08:00,BTSC,北投運動中心,健身房,31,60,51.67
2025-09-04T19:34:38.461547+08:00,DASC,大安運動中心,游泳池,89,250,35.60
2025-09-04T19:34:38.461547+08:00,DASC,大安運動中心,健身房,52,80,65.00
2025-09-04T19:34:38.461547+08:00,DTSC,大同運動中心,游泳池,68,250,27.20
2025-09-04T19:34:38.461547+08:00,DTSC,大同運動中心,健身房,64,90,71.11
2025-09-04T19:34:38.461547+08:00,JJSC,中正運動中心,游泳池,3,200,1.50
2025-09-04T19:34:38.461547+08:00,JJSC,中正運動中心,健身房,85,120,70.83
2025-09-04T19:34:38.461547+08:00,NHSC,內湖運動中心,游泳池,78,200,39.00
2025-09-04T19:34:38.461547+08:00,NHSC,內湖運動中心,健身房,112,130,86.15
2025-09-04T19:34:38.461547+08:00,SLSC,士林運動中心,游泳池,77,200,38.50
2025-09-04T19:34:38.461547+08:00,SLSC,士林運動中心,健身房,59,100,59.00
2025-09-04T19:34:38.461547+08:00,SSSC,松山運動中心,游泳池,132,400,33.00
2025-09-04T19:34:38.461547+08:00,SSSC,松山運動中心,健身房,88,100,88.00
2025-09-04T19:34:38.461547+08:00,WHSC,萬華運動中心,游泳池,49,100,49.00
2025-09-04T19:34:38.461547+08:00,WHSC,萬華運動中心,健身房,72,150,48.00
2025-09-04T19:34:38.461547+08:00,WSSC,文山運動中心,游泳池,77,200,38.50
2025-09-04T19:34:38.461547+08:00,WSSC,文山運動中心,健身房,39,110,35.45
2025-09-04T19:34:38.461547+08:00,XYSC,信義運動中心,游泳池,35,165,21.21
2025-09-04T19:34:38.461547+08:00,XYSC,信義運動中心,健身房,52,65,80.00
2025-09-04T19:34:38.461547+08:00,ZSSC,中山運動中心,游泳池,45,150,30.00
2025-09-04T19:34:38.461547+08:00,ZSSC,中山運動中心,健身房,50,50,100.00
2025-09-04T19:42:23.440567+08:00,BTSC,北投運動中心,游泳池,17,200,8.50
2025-09-04T19:42:23.440567+08:00,BTSC,北投運動中心,健身房,32,60,53.33
2025-09-04T19:42:23.440567+08:00,DASC,大安運動中心,游泳池,88,250,35.20
2025-09-04T19:42:23.440567+08:00,DASC,大安運動中心,健身房,54,80,67.50
2025-09-04T19:42:23.440567+08:00,DTSC,大同運動中心,游泳池,69,250,27.60
2025-09-04T19:42:23.440567+08:00,DTSC,大同運動中心,健身房,60,90,66.67
2025-09-04T19:42:23.440567+08:00,JJSC,中正運動中心,游泳池,63,200,31.50
2025-09-04T19:42:23.440567+08:00,JJSC,中正運動中心,健身房,79,120,65.83
2025-09-04T19:42:23.440567+08:00,NHSC,內湖運動中心,游泳池,73,200,36.50
2025-09-04T19:42:23.440567+08:00,NHSC,內湖運動中心,健身房,110,130,84.62
2025-09-04T19:42:23.440567+08:00,SLSC,士林運動中心,游泳池,84,200,42.00
2025-09-04T19:42:23.440567+08:00,SLSC,士林運動中心,健身房,62,100,62.00
2025-09-04T19:42:23.440567+08:00,SSSC,松山運動中心,游泳池,134,400,33.50
2025-09-04T19:42:23.440567+08:00,SSSC,松山運動中心,健身房,78,100,78.00
2025-09-04T19:42:23.440567+08:00,WHSC,萬華運動中心,游泳池,52,100,52.00
2025-09-04T19:42:23.440567+08:00,WHSC,萬華運動中心,健身房,71,150,47.33
2025-09-04T19:42:23.440567+08:00,WSSC,文山運動中心,游泳池,79,200,39.50
2025-09-04T19:42:23.440567+08:00,WSSC,文山運動中心,健身房,40,110,36.36
2025-09-04T19:42:23.440567+08:00,XYSC,信義運動中心,游泳池,38,165,23.03
2025-09-04T19:42:23.440567+08:00,XYSC,信義運動中心,健身房,51,65,78.46
2025-09-04T19:42:23.440567+08:00,ZSSC,中山運動中心,游泳池,49,150,32.67
2025-09-04T19:42:23.440567+08:00,ZSSC,中山運動中心,健身房,50,50,100.00
2025-09-04T19:50:25.267323+08:00,BTSC,北投運動中心,游泳池,19,200,9.50
2025-09-04T19:50:25.267323+08:00,BTSC,北投運動中心,健身房,33,60,55.00
2025-09-04T19:50:25.267323+08:00,DASC,大安運動中心,游泳池,88,250,35.20
2025-09-04T19:50:25.267323+08:00,DASC,大安運動中心,健身房,52,80,65.00
2025-09-04T19:50:25.267323+08:00,DTSC,大同運動中心,游泳池,74,250,29.60
2025-09-04T19:50:25.267323+08:00,DTSC,大同運動中心,健身房,55,90,61.11
2025-09-04T19:50:25.267323+08:00,JJSC,中正運動中心,游泳池,64,200,32.00
2025-09-04T19:50:25.267323+08:00,JJSC,中正運動中心,健身房,92,120,76.67
2025-09-04T19:50:25.267323+08:00,NHSC,內湖運動中心,游泳池,69,200,34.50
2025-09-04T19:50:25.267323+08:00,NHSC,內湖運動中心,健身房,102,130,78.46
2025-09-04T19:50:25.267323+08:00,SLSC,士林運動中心,游泳池,93,200,46.50
2025-09-04T19:50:25.267323+08:00,SLSC,士林運動中心,健身房,60,100,60.00
2025-09-04T19:50:25.267323+08:00,SSSC,松山運動中心,游泳池,137,400,34.25
2025-09-04T19:50:25.267323+08:00,SSSC,松山運動中心,健身房,85,100,85.00
2025-09-04T19:50:25.267323+08:00,WHSC,萬華運動中心,游泳池,54,100,54.00
2025-09-04T19:50:25.267323+08:00,WHSC,萬華運動中心,健身房,73,150,48.67
2025-09-04T19:50:25.267323+08:00,WSSC,文山運動中心,游泳池,87,200,43.50
2025-09-04T19:50:25.267323+08:00,WSSC,文山運動中心,健身房,49,110,44.55
2025-09-04T19:50:25.267323+08:00,XYSC,信義運動中心,游泳池,40,165,24.24
2025-09-04T19:50:25.267323+08:00,XYSC,信義運動中心,健身房,44,65,67.69
2025-09-04T19:50:25.267323+08:00,ZSSC,中山運動中心,游泳池,46,150,30.67
2025-09-04T19:50:25.267323+08:00,ZSSC,中山運動中心,健身房,49,50,98.00
2025-09-04T19:55:46.613297+08:00,BTSC,北投運動中心,游泳池,21,200,10.50
2025-09-04T19:55:46.613297+08:00,BTSC,北投運動中心,健身房,26,60,43.33
2025-09-04T19:55:46.613297+08:00,DASC,大安運動中心,游泳池,87,250,34.80
2025-09-04T19:55:46.613297+08:00,DASC,大安運動中心,健身房,49,80,61.25
2025-09-04T19:55:46.613297+08:00,DTSC,大同運動中心,游泳池,84,250,33.60
2025-09-04T19:55:46.613297+08:00,DTSC,大同運動中心,健身房,50,90,55.56
2025-09-04T19:55:46.613297+08:00,JJSC,中正運動中心,游泳池,64,200,32.00
2025-09-04T19:55:46.613297+08:00,JJSC,中正運動中心,健身房,102,120,85.00
2025-09-04T19:55:46.613297+08:00,NHSC,內湖運動中心,游泳池,69,200,34.50
2025-09-04T19:55:46.613297+08:00,NHSC,內湖運動中心,健身房,93,130,71.54
2025-09-04T19:55:46.613297+08:00,SLSC,士林運動中心,游泳池,97,200,48.50
2025-09-04T19:55:46.613297+08:00,SLSC,士林運動中心,健身房,55,100,55.00
2025-09-04T19:55:46.613297+08:00,SSSC,松山運動中心,游泳池,140,400,35.00
2025-09-04T19:55:46.613297+08:00,SSSC,松山運動中心,健身房,86,100,86.00
2025-09-04T19:55:46.613297+08:00,WHSC,萬華運動中心,游泳池,59,100,59.00
2025-09-04T19:55:46.613297+08:00,WHSC,萬華運動中心,健身房,78,150,52.00
2025-09-04T19:55:46.613297+08:00,WSSC,文山運動中心,游泳池,86,200,43.00
2025-09-04T19:55:46.613297+08:00,WSSC,文山運動中心,健身房,46,110,41.82
2025-09-04T19:55:46.613297+08:00,XYSC,信義運動中心,游泳池,32,165,19.39
2025-09-04T19:55:46.613297+08:00,XYSC,信義運動中心,健身房,44,65,67.69
2025-09-04T19:55:46.613297+08:00,ZSSC,中山運動中心,游泳池,48,150,32.00
2025-09-04T19:55:46.613297+08:00,ZSSC,中山運動中心,健身房,50,50,100.00
2025-09-04T20:22:06.990294+08:00,BTSC,北投運動中心,游泳池,30,200,15.00
2025-09-04T20:22:06.990294+08:00,BTSC,北投運動中心,健身房,31,60,51.67
2025-09-04T20:22:06.990294+08:00,DASC,大安運動中心,游泳池,107,250,42.80
2025-09-04T20:22:06.990294+08:00,DASC,大安運動中心,健身房,58,80,72.50
2025-09-04T20:22:06.990294+08:00,DTSC,大同運動中心,游泳池,99,250,39.60
2025-09-04T20:22:06.990294+08:00,DTSC,大同運動中心,健身房,53,90,58.89
2025-09-04T20:22:06.990294+08:00,JJSC,中正運動中心,游泳池,65,200,32.50
2025-09-04T20:22:06.990294+08:00,JJSC,中正運動中心,健身房,110,120,91.67
2025-09-04T20:22:06.990294+08:00,NHSC,內湖運動中心,游泳池,66,200,33.00
2025-09-04T20:22:06.990294+08:00,NHSC,內湖運動中心,健身房,76,130,58.46
2025-09-04T20:22:06.990294+08:00,SLSC,士林運動中心,游泳池,72,200,36.00
2025-09-04T20:22:06.990294+08:00,SLSC,士林運動中心,健身房,50,100,50.00
2025-09-04T20:22:06.990294+08:00,SSSC,松山運動中心,游泳池,143,400,35.75
2025-09-04T20:22:06.990294+08:00,SSSC,松山運動中心,健身房,74,100,74.00
2025-09-04T20:22:06.990294+08:00,WHSC,萬華運動中心,游泳池,72,100,72.00
2025-09-04T20:22:06.990294+08:00,WHSC,萬華運動中心,健身房,90,150,60.00
2025-09-04T20:22:06.990294+08:00,WSSC,文山運動中心,游泳池,77,200,38.50
2025-09-04T20:22:06.990294+08:00,WSSC,文山運動中心,健身房,42,110,38.18
2025-09-04T20:22:06.990294+08:00,XYSC,信義運動中心,游泳池,16,165,9.70
2025-09-04T20:22:06.990294+08:00,XYSC,信義運動中心,健身房,33,65,50.77
2025-09-04T20:22:06.990294+08:00,ZSSC,中山運動中心,游泳池,22,150,14.67
2025-09-04T20:22:06.990294+08:00,ZSSC,中山運動中心,健身房,49,50,98.00
2025-09-04T20:58:20.219193+08:00,BTSC,北投運動中心,游泳池,0,200,0.00
2025-09-04T20:58:20.219193+08:00,BTSC,北投運動中心,健身房,32,60,53.33
2025-09-04T20:58:20.219193+08:00,DASC,大安運動中心,游泳池,85,250,34.00
2025-09-04T20:58:20.219193+08:00,DASC,大安運動中心,健身房,69,80,86.25
2025-09-04T20:58:20.219193+08:00,DTSC,大同運動中心,游泳池,100,250,40.00
2025-09-04T20:58:20.219193+08:00,DTSC,大同運動中心,健身房,69,90,76.67
2025-09-04T20:58:20.219193+08:00,JJSC,中正運動中心,游泳池,63,200,31.50
2025-09-04T20:58:20.219193+08:00,JJSC,中正運動中心,健身房,93,120,77.50
2025-09-04T20:58:20.219193+08:00,NHSC,內湖運動中心,游泳池,54,200,27.00
2025-09-04T20:58:20.219193+08:00,NHSC,內湖運動中心,健身房,84,130,64.62
2025-09-04T20:58:20.219193+08:00,SLSC,士林運動中心,游泳池,56,200,28.00
2025-09-04T20:58:20.219193+08:00,SLSC,士林運動中心,健身房,52,100,52.00
2025-09-04T20:58:20.219193+08:00,SSSC,松山運動中心,游泳池,131,400,32.75
2025-09-04T20:58:20.219193+08:00,SSSC,松山運動中心,健身房,70,100,70.00
2025-09-04T20:58:20.219193+08:00,WHSC,萬華運動中心,游泳池,63,100,63.00
2025-09-04T20:58:20.219193+08:00,WHSC,萬華運動中心,健身房,75,150,50.00
2025-09-04T20:58:20.219193+08:00,WSSC,文山運動中心,游泳池,76,200,38.00
2025-09-04T20:58:20.219193+08:00,WSSC,文山運動中心,健身房,51,110,46.36
2025-09-04T20:58:20.219193+08:00,XYSC,信義運動中心,游泳池,29,165,17.58
2025-09-04T20:58:20.219193+08:00,XYSC,信義運動中心,健身房,29,65,44.62
2025-09-04T20:58:20.219193+08:00,ZSSC,中山運動中心,游泳池,12,150,8.00
2025-09-04T20:58:20.219193+08:00,ZSSC,中山運動中心,健身房,45,50,90.00
2025-09-04T21:23:40.548899+08:00,BTSC,北投運動中心,游泳池,0,200,0.00
2025-09-04T21:23:40.548899+08:00,BTSC,北投運動中心,健身房,22,60,36.67
2025-09-04T21:23:40.548899+08:00,DASC,大安運動中心,游泳池,59,250,23.60
2025-09-04T21:23:40.548899+08:00,DASC,大安運動中心,健身房,61,80,76.25
2025-09-04T21:23:40.548899+08:00,DTSC,大同運動中心,游泳池,78,250,31.20
2025-09-04T21:23:40.548899+08:00,DTSC,大同運動中心,健身房,62,90,68.89
2025-09-04T21:23:40.548899+08:00,JJSC,中正運動中心,游泳池,50,200,25.00
2025-09-04T21:23:40.548899+08:00,JJSC,中正運動中心,健身房,60,120,50.00
2025-09-04T21:23:40.548899+08:00,NHSC,內湖運動中心,游泳池,26,200,13.00
2025-09-04T21:23:40.548899+08:00,NHSC,內湖運動中心,健身房,72,130,55.38
2025-09-04T21:23:40.548899+08:00,SLSC,士林運動中心,游泳池,46,200,23.00
2025-09-04T21:23:40.548899+08:00,SLSC,士林運動中心,健身房,46,100,46.00
2025-09-04T21:23:40.548899+08:00,SSSC,松山運動中心,游泳池,97,400,24.25
2025-09-04T21:23:40.548899+08:00,SSSC,松山運動中心,健身房,62,100,62.00
2025-09-04T21:23:40.548899+08:00,WHSC,萬華運動中心,游泳池,56,100,56.00
2025-09-04T21:23:40.548899+08:00,WHSC,萬華運動中心,健身房,63,150,42.00
2025-09-04T21:23:40.548899+08:00,WSSC,文山運動中心,游泳池,49,200,24.50
2025-09-04T21:23:40.548899+08:00,WSSC,文山運動中心,健身房,42,110,38.18
2025-09-04T21:23:40.548899+08:00,XYSC,信義運動中心,游泳池,32,165,19.39
2025-09-04T21:23:40.548899+08:00,XYSC,信義運動中心,健身房,24,65,36.92
2025-09-04T21:23:40.548899+08:00,ZSSC,中山運動中心,游泳池,1,150,0.67
2025-09-04T21:23:40.548899+08:00,ZSSC,中山運動中心,健身房,39,50,78.00
2025-09-04T21:41:04.913444+08:00,BTSC,北投運動中心,游泳池,0,200,0.00
2025-09-04T21:41:04.913444+08:00,BTSC,北投運動中心,健身房,12,60,20.00
2025-09-04T21:41:04.913444+08:00,DASC,大安運動中心,游泳池,16,250,6.40
2025-09-04T21:41:04.913444+08:00,DASC,大安運動中心,健身房,50,80,62.50
2025-09-04T21:41:04.913444+08:00,DTSC,大同運動中心,游泳池,51,250,20.40
2025-09-04T21:41:04.913444+08:00,DTSC,大同運動中心,健身房,50,90,55.56
2025-09-04T21:41:04.913444+08:00,JJSC,中正運動中心,游泳池,28,200,14.00
2025-09-04T21:41:04.913444+08:00,JJSC,中正運動中心,健身房,42,120,35.00
2025-09-04T21:41:04.913444+08:00,NHSC,內湖運動中心,游泳池,15,200,7.50
2025-09-04T21:41:04.913444+08:00,NHSC,內湖運動中心,健身房,62,130,47.69
2025-09-04T21:41:04.913444+08:00,SLSC,士林運動中心,游泳池,34,200,17.00
2025-09-04T21:41:04.913444+08:00,SLSC,士林運動中心,健身房,34,100,34.00
2025-09-04T21:41:04.913444+08:00,SSSC,松山運動中心,游泳池,63,400,15.75
2025-09-04T21:41:04.913444+08:00,SSSC,松山運動中心,健身房,52,100,52.00
2025-09-04T21:41:04.913444+08:00,WHSC,萬華運動中心,游泳池,52,100,52.00
2025-09-04T21:41:04.913444+08:00,WHSC,萬華運動中心,健身房,51,150,34.00
2025-09-04T21:41:04.913444+08:00,WSSC,文山運動中心,游泳池,39,200,19.50
2025-09-04T21:41:04.913444+08:00,WSSC,文山運動中心,健身房,34,110,30.91
2025-09-04T21:41:04.913444+08:00,XYSC,信義運動中心,游泳池,30,165,18.18
2025-09-04T21:41:04.913444+08:00,XYSC,信義運動中心,健身房,21,65,32.31
2025-09-04T21:41:04.913444+08:00,ZSSC,中山運動中心,游泳池,1,150,0.67
2025-09-04T21:41:04.913444+08:00,ZSSC,中山運動中心,健身房,31,50,62.00
2025-09-04T21:48:53.006547+08:00,BTSC,北投運動中心,游泳池,0,200,0.00
2025-09-04T21:48:53.006547+08:00,BTSC,北投運動中心,健身房,6,60,10.00
2025-09-04T21:48:53.006547+08:00,DASC,大安運動中心,游泳池,5,250,2.00
2025-09-04T21:48:53.006547+08:00,DASC,大安運動中心,健身房,47,80,58.75
2025-09-04T21:48:53.006547+08:00,DTSC,大同運動中心,游泳池,40,250,16.00
2025-09-04T21:48:53.006547+08:00,DTSC,大同運動中心,健身房,42,90,46.67
2025-09-04T21:48:53.006547+08:00,JJSC,中正運動中心,游泳池,14,200,7.00
2025-09-04T21:48:53.006547+08:00,JJSC,中正運動中心,健身房,33,120,27.50
2025-09-04T21:48:53.006547+08:00,NHSC,內湖運動中心,游泳池,11,200,5.50
2025-09-04T21:48:53.006547+08:00,NHSC,內湖運動中心,健身房,58,130,44.62
2025-09-04T21:48:53.006547+08:00,SLSC,士林運動中心,游泳池,20,200,10.00
2025-09-04T21:48:53.006547+08:00,SLSC,士林運動中心,健身房,24,100,24.00
2025-09-04T21:48:53.006547+08:00,SSSC,松山運動中心,游泳池,53,400,13.25
2025-09-04T21:48:53.006547+08:00,SSSC,松山運動中心,健身房,46,100,46.00
2025-09-04T21:48:53.006547+08:00,WHSC,萬華運動中心,游泳池,47,100,47.00
2025-09-04T21:48:53.006547+08:00,WHSC,萬華運動中心,健身房,39,150,26.00
2025-09-04T21:48:53.006547+08:00,WSSC,文山運動中心,游泳池,33,200,16.50
2025-09-04T21:48:53.006547+08:00,WSSC,文山運動中心,健身房,23,110,20.91
2025-09-04T21:48:53.006547+08:00,XYSC,信義運動中心,游泳池,25,165,15.15
2025-09-04T21:48:53.006547+08:00,XYSC,信義運動中心,健身房,15,65,23.08
2025-09-04T21:48:53.006547+08:00,ZSSC,中山運動中心,游泳池,0,150,0.00
2025-09-04T21:48:53.006547+08:00,ZSSC,中山運動中心,健身房,27,50,54.00
2025-09-04T22:12:10.857927+08:00,BTSC,北投運動中心,游泳池,0,200,0.00
2025-09-04T22:12:10.857927+08:00,BTSC,北投運動中心,健身房,0,60,0.00
2025-09-04T22:12:10.857927+08:00,DASC,大安運動中心,游泳池,0,250,0.00
2025-09-04T22:12:10.857927+08:00,DASC,大安運動中心,健身房,21,80,26.25
2025-09-04T22:12:10.857927+08:00,DTSC,大同運動中心,游泳池,8,250,3.20
2025-09-04T22:12:10.857927+08:00,DTSC,大同運動中心,健身房,12,90,13.33
2025-09-04T22:12:10.857927+08:00,JJSC,中正運動中心,游泳池,0,200,0.00
2025-09-04T22:12:10.857927+08:00,JJSC,中正運動中心,健身房,7,120,5.83
2025-09-04T22:12:10.857927+08:00,NHSC,內湖運動中心,游泳池,0,200,0.00
2025-09-04T22:12:10.857927+08:00,NHSC,內湖運動中心,健身房,38,130,29.23
2025-09-04T22:12:10.857927+08:00,SLSC,士林運動中心,游泳池,0,200,0.00
2025-09-04T22:12:10.857927+08:00,SLSC,士林運動中心,健身房,0,100,0.00
2025-09-04T22:12:10.857927+08:00,SSSC,松山運動中心,游泳池,28,400,7.00
2025-09-04T22:12:10.857927+08:00,SSSC,松山運動中心,健身房,15,100,15.00
2025-09-04T22:12:10.857927+08:00,WHSC,萬華運動中心,游泳池,0,100,0.00
2025-09-04T22:12:10.857927+08:00,WHSC,萬華運動中心,健身房,0,150,0.00
2025-09-04T22:12:10.857927+08:00,WSSC,文山運動中心,游泳池,24,200,12.00
2025-09-04T22:12:10.857927+08:00,WSSC,文山運動中心,健身房,5,110,4.55
2025-09-04T22:12:10.857927+08:00,XYSC,信義運動中心,游泳池,0,165,0.00
2025-09-04T22:12:10.857927+08:00,XYSC,信義運動中心,健身房,0,65,0.00
2025-09-04T22:12:10.857927+08:00,ZSSC,中山運動中心,游泳池,0,150,0.00
2025-09-04T22:12:10.857927+08:00,ZSSC,中山運動中心,健身房,2,50,4.00
2025-09-04T22:46:05.126481+08:00,BTSC,北投運動中心,游泳池,0,200,0.00
2025-09-04T22:46:05.126481+08:00,BTSC,北投運動中心,健身房,0,60,0.00
2025-09-04T22:46:05.126481+08:00,DASC,大安運動中心,游泳池,0,250,0.00
2025-09-04T22:46:05.126481+08:00,DASC,大安運動中心,健身房,0,80,0.00
2025-09-04T22:46:05.126481+08:00,DTSC,大同運動中心,游泳池,0,250,0.00
2025-09-04T22:46:05.126481+08:00,DTSC,大同運動中心,健身房,0,90,0.00
2025-09-04T22:46:05.126481+08:00,JJSC,中正運動中心,游泳池,0,200,0.00
2025-09-04T22:46:05.126481+08:00,JJSC,中正運動中心,健身房,0,120,0.00
2025-09-04T22:46:05.126481+08:00,NHSC,內湖運動中心,游泳池,0,200,0.00
2025-09-04T22:46:05.126481+08:00,NHSC,內湖運動中心,健身房,0,130,0.00
2025-09-04T22:46:05.126481+08:00,SLSC,士林運動中心,游泳池,0,200,0.00
2025-09-04T22:46:05.126481+08:00,SLSC,士林運動中心,健身房,0,100,0.00
2025-09-04T22:46:05.126481+08:00,SSSC,松山運動中心,游泳池,0,400,0.00
2025-09-04T22:46:05.126481+08:00,SSSC,松山運動中心,健身房,0,100,0.00
2025-09-04T22:46:05.126481+08:00,WHSC,萬華運動中心,游泳池,0,100,0.00
2025-09-04T22:46:05.126481+08:00,WHSC,萬華運動中心,健身房,0,150,0.00
2025-09-04T22:46:05.126481+08:00,WSSC,文山運動中心,游泳池,0,200,0.00
2025-09-04T22:46:05.126481+08:00,WSSC,文山運動中心,健身房,0,110,0.00
2025-09-04T22:46:05.126481+08:00,XYSC,信義運動中心,游泳池,0,165,0.00
2025-09-04T22:46:05.126481+08:00,XYSC,信義運動中心,健身房,0,65,0.00
2025-09-04T22:46:05.126481+08:00,ZSSC,中山運動中心,游泳池,0,150,0.00
2025-09-04T22:46:05.126481+08:00,ZSSC,中山運動中心,健身房,0,50,0.00
2025-09-04T23:02:09.702445+08:00,BTSC,北投運動中心,游泳池,0,200,0.00
2025-09-04T23:02:09.702445+08:00,BTSC,北投運動中心,健身房,0,60,0.00
2025-09-04T23:02:09.702445+08:00,DASC,大安運動中心,游泳池,0,250,0.00
2025-09-04T23:02:09.702445+08:00,DASC,大安運動中心,健身房,0,80,0.00
2025-09-04T23:02:09.702445+08:00,DTSC,大同運動中心,游泳池,0,250,0.00
2025-09-04T23:02:09.702445+08:00,DTSC,大同運動中心,健身房,0,90,0.00
2025-09-04T23:02:09.702445+08:00,JJSC,中正運動中心,游泳池,0,200,0.00
2025-09-04T23:02:09.702445+08:00,JJSC,中正運動中心,健身房,0,120,0.00
2025-09-04T23:02:09.702445+08:00,NHSC,內湖運動中心,游泳池,0,200,0.00
2025-09-04T23:02:09.702445+08:00,NHSC,內湖運動中心,健身房,0,130,0.00
2025-09-04T23:02:09.702445+08:00,SLSC,士林運動中心,游泳池,0,200,0.00
2025-09-04T23:02:09.702445+08:00,SLSC,士林運動中心,健身房,0,100,0.00
2025-09-04T23:02:09.702445+08:00,SSSC,松山運動中心,游泳池,0,400,0.00
2025-09-04T23:02:09.702445+08:00,SSSC,松山運動中心,健身房,0,100,0.00
2025-09-04T23:02:09.702445+08:00,WHSC,萬華運動中心,游泳池,0,100,0.00
2025-09-04T23:02:09.702445+08:00,WHSC,萬華運動中心,健身房,0,150,0.00
2025-09-04T23:02:09.702445+08:00,WSSC,文山運動中心,游泳池,0,200,0.00
2025-09-04T23:02:09.702445+08:00,WSSC,文山運動中心,健身房,0,110,0.00
2025-09-04T23:02:09.702445+08:00,XYSC,信義運動中心,游泳池,0,165,0.00
2025-09-04T23:02:09.702445+08:00,XYSC,信義運動中心,健身房,0,65,0.00
2025-09-04T23:02:09.702445+08:00,ZSSC,中山運動中心,游泳池,0,150,0.00
2025-09-04T23:02:09.702445+08:00,ZSSC,中山運動中心,健身房,0,50,0.00
2025-09-04T23:18:32.271566+08:00,BTSC,北投運動中心,游泳池,0,200,0.00
2025-09-04T23:18:32.271566+08:00,BTSC,北投運動中心,健身房,0,60,0.00
2025-09-04T23:18:32.271566+08:00,DASC,大安運動中心,游泳池,0,250,0.00
2025-09-04T23:18:32.271566+08:00,DASC,大安運動中心,健身房,0,80,0.00
2025-09-04T23:18:32.271566+08:00,DTSC,大同運動中心,游泳池,0,250,0.00
2025-09-04T23:18:32.271566+08:00,DTSC,大同運動中心,健身房,0,90,0.00
2025-09-04T23:18:32.271566+08:00,JJSC,中正運動中心,游泳池,0,200,0.00
2025-09-04T23:18:32.271566+08:00,JJSC,中正運動中心,健身房,0,120,0.00
2025-09-04T23:18:32.271566+08:00,NHSC,內湖運動中心,游泳池,0,200,0.00
2025-09-04T23:18:32.271566+08:00,NHSC,內湖運動中心,健身房,0,130,0.00
2025-09-04T23:18:32.271566+08:00,SLSC,士林運動中心,游泳池,0,200,0.00
2025-09-04T23:18:32.271566+08:00,SLSC,士林運動中心,健身房,0,100,0.00
2025-09-04T23:18:32.271566+08:00,SSSC,松山運動中心,游泳池,0,400,0.00
2025-09-04T23:18:32.271566+08:00,SSSC,松山運動中心,健身房,0,100,0.00
2025-09-04T23:18:32.271566+08:00,WHSC,萬華運動中心,游泳池,0,100,0.00
2025-09-04T23:18:32.271566+08:00,WHSC,萬華運動中心,健身房,0,150,0.00
2025-09-04T23:18:32.271566+08:00,WSSC,文山運動中心,游泳池,0,200,0.00
2025-09-04T23:18:32.271566+08:00,WSSC,文山運動中心,健身房,0,110,0.00
2025-09-04T23:18:32.271566+08:00,XYSC,信義運動中心,游泳池,0,165,0.00
2025-09-04T23:18:32.271566+08:00,XYSC,信義運動中心,健身房,0,65,0.00
2025-09-04T23:18:32.271566+08:00,ZSSC,中山運動中心,游泳池,0,150,0.00
2025-09-04T23:18:32.271566+08:00,ZSSC,中山運動中心,健身房,0,50,0.00
2025-09-04T23:39:53.043555+08:00,BTSC,北投運動中心,游泳池,0,200,0.00
2025-09-04T23:39:53.043555+08:00,BTSC,北投運動中心,健身房,0,60,0.00
2025-09-04T23:39:53.043555+08:00,DASC,大安運動中心,游泳池,0,250,0.00
2025-09-04T23:39:53.043555+08:00,DASC,大安運動中心,健身房,0,80,0.00
2025-09-04T23:39:53.043555+08:00,DTSC,大同運動中心,游泳池,0,250,0.00
2025-09-04T23:39:53.043555+08:00,DTSC,大同運動中心,健身房,0,90,0.00
2025-09-04T23:39:53.043555+08:00,JJSC,中正運動中心,游泳池,0,200,0.00
2025-09-04T23:39:53.043555+08:00,JJSC,中正運動中心,健身房,0,120,0.00
2025-09-04T23:39:53.043555+08:00,NHSC,內湖運動中心,游泳池,0,200,0.00
2025-09-04T23:39:53.043555+08:00,NHSC,內湖運動中心,健身房,0,130,0.00
2025-09-04T23:39:53.043555+08:00,SLSC,士林運動中心,游泳池,0,200,0.00
2025-09-04T23:39:53.043555+08:00,SLSC,士林運動中心,健身房,0,100,0.00
2025-09-04T23:39:53.043555+08:00,SSSC,松山運動中心,游泳池,0,400,0.00
2025-09-04T23:39:53.043555+08:00,SSSC,松山運動中心,健身房,0,100,0.00
2025-09-04T23:39:53.043555+08:00,WHSC,萬華運動中心,游泳池,0,100,0.00
2025-09-04T23:39:53.043555+08:00,WHSC,萬華運動中心,健身房,0,150,0.00
2025-09-04T23:39:53.043555+08:00,WSSC,文山運動中心,游泳池,0,200,0.00
2025-09-04T23:39:53.043555+08:00,WSSC,文山運動中心,健身房,0,110,0.00
2025-09-04T23:39:53.043555+08:00,XYSC,信義運動中心,游泳池,0,165,0.00
2025-09-04T23:39:53.043555+08:00,XYSC,信義運動中心,健身房,0,65,0.00
2025-09-04T23:39:53.043555+08:00,ZSSC,中山運動中心,游泳池,0,150,0.00
2025-09-04T23:39:53.043555+08:00,ZSSC,中山運動中心,健身房,0,50,0.00
2025-09-04T23:52:35.274030+08:00,BTSC,北投運動中心,游泳池,0,200,0.00
2025-09-04T23:52:35.274030+08:00,BTSC,北投運動中心,健身房,0,60,0.00
2025-09-04T23:52:35.274030+08:00,DASC,大安運動中心,游泳池,0,250,0.00
2025-09-04T23:52:35.274030+08:00,DASC,大安運動中心,健身房,0,80,0.00
2025-09-04T23:52:35.274030+08:00,DTSC,大同運動中心,游泳池,0,250,0.00
2025-09-04T23:52:35.274030+08:00,DTSC,大同運動中心,健身房,0,90,0.00
2025-09-04T23:52:35.274030+08:00,JJSC,中正運動中心,游泳池,0,200,0.00
2025-09-04T23:52:35.274030+08:00,JJSC,中正運動中心,健身房,0,120,0.00
2025-09-04T23:52:35.274030+08:00,NHSC,內湖運動中心,游泳池,0,200,0.00
2025-09-04T23:52:35.274030+08:00,NHSC,內湖運動中心,健身房,0,130,0.00
2025-09-04T23:52:35.274030+08:00,SLSC,士林運動中心,游泳池,0,200,0.00
2025-09-04T23:52:35.274030+08:00,SLSC,士林運動中心,健身房,0,100,0.00
2025-09-04T23:52:35.274030+08:00,SSSC,松山運動中心,游泳池,0,400,0.00
2025-09-04T23:52:35.274030+08:00,SSSC,松山運動中心,健身房,0,100,0.00
2025-09-04T23:52:35.274030+08:00,WHSC,萬華運動中心,游泳池,0,100,0.00
2025-09-04T23:52:35.274030+08:00,WHSC,萬華運動中心,健身房,0,150,0.00
2025-09-04T23:52:35.274030+08:00,WSSC,文山運動中心,游泳池,0,200,0.00
2025-09-04T23:52:35.274030+08:00,WSSC,文山運動中心,健身房,0,110,0.00
2025-09-04T23:52:35.274030+08:00,XYSC,信義運動中心,游泳池,0,165,0.00
2025-09-04T23:52:35.274030+08:00,XYSC,信義運動中心,健身房,0,65,0.00
2025-09-04T23:52:35.274030+08:00,ZSSC,中山運動中心,游泳池,0,150,0.00
2025-09-04T23:52:35.274030+08:00,ZSSC,中山運動中心,健身房,0,50,0.00
2025-09-05T00:17:25.345117+08:00,BTSC,北投運動中心,游泳池,0,200,0.00
2025-09-05T00:17:25.345117+08:00,BTSC,北投運動中心,健身房,0,60,0.00
2025-09-05T00:17:25.345117+08:00,DASC,大安運動中心,游泳池,0,250,0.00
2025-09-05T00:17:25.345117+08:00,DASC,大安運動中心,健身房,0,80,0.00
2025-09-05T00:17:25.345117+08:00,DTSC,大同運動中心,游泳池,0,250,0.00
2025-09-05T00:17:25.345117+08:00,DTSC,大同運動中心,健身房,0,90,0.00
2025-09-05T00:17:25.345117+08:00,JJSC,中正運動中心,游泳池,0,200,0.00
2025-09-05T00:17:25.345117+08:00,JJSC,中正運動中心,健身房,0,120,0.00
2025-09-05T00:17:25.345117+08:00,NHSC,內湖運動中心,游泳池,0,200,0.00
2025-09-05T00:17:25.345117+08:00,NHSC,內湖運動中心,健身房,0,130,0.00
2025-09-05T00:17:25.345117+08:00,SLSC,士林運動中心,游泳池,0,200,0.00
2025-09-05T00:17:25.345117+08:00,SLSC,士林運動中心,健身房,0,100,0.00
2025-09-05T00:17:25.345117+08:00,SSSC,松山運動中心,游泳池,0,400,0.00
2025-09-05T00:17:25.345117+08:00,SSSC,松山運動中心,健身房,0,100,0.00
2025-09-05T00:17:25.345117+08:00,WHSC,萬華運動中心,游泳池,0,100,0.00
2025-09-05T00:17:25.345117+08:00,WHSC,萬華運動中心,健身房,0,150,0.00
2025-09-05T00:17:25.345117+08:00,WSSC,文山運動中心,游泳池,0,200,0.00
2025-09-05T00:17:25.345117+08:00,WSSC,文山運動中心,健身房,0,110,0.00
2025-09-05T00:17:25.345117+08:00,XYSC,信義運動中心,游泳池,0,165,0.00
2025-09-05T00:17:25.345117+08:00,XYSC,信義運動中心,健身房,0,65,0.00
2025-09-05T00:17:25.345117+08:00,ZSSC,中山運動中心,游泳池,0,150,0.00
2025-09-05T00:17:25.345117+08:00,ZSSC,中山運動中心,健身房,0,50,0.00
2025-09-05T00:43:03.561219+08:00,BTSC,北投運動中心,游泳池,0,200,0.00
2025-09-05T00:43:03.561219+08:00,BTSC,北投運動中心,健身房,0,60,0.00
2025-09-05T00:43:03.561219+08:00,DASC,大安運動中心,游泳池,0,250,0.00
2025-09-05T00:43:03.561219+08:00,DASC,大安運動中心,健身房,0,80,0.00
2025-09-05T00:43:03.561219+08:00,DTSC,大同運動中心,游泳池,0,250,0.00
2025-09-05T00:43:03.561219+08:00,DTSC,大同運動中心,健身房,0,90,0.00
2025-09-05T00:43:03.561219+08:00,JJSC,中正運動中心,游泳池,0,200,0.00
2025-09-05T00:43:03.561219+08:00,JJSC,中正運動中心,健身房,0,120,0.00
2025-09-05T00:43:03.561219+08:00,NHSC,內湖運動中心,游泳池,0,200,0.00
2025-09-05T00:43:03.561219+08:00,NHSC,內湖運動中心,健身房,0,130,0.00
2025-09-05T00:43:03.561219+08:00,SLSC,士林運動中心,游泳池,0,200,0.00
2025-09-05T00:43:03.561219+08:00,SLSC,士林運動中心,健身房,0,100,0.00
2025-09-05T00:43:03.561219+08:00,SSSC,松山運動中心,游泳池,0,400,0.00
2025-09-05T00:43:03.561219+08:00,SSSC,松山運動中心,健身房,0,100,0.00
2025-09-05T00:43:03.561219+08:00,WHSC,萬華運動中心,游泳池,0,100,0.00
2025-09-05T00:43:03.561219+08:00,WHSC,萬華運動中心,健身房,0,150,0.00
2025-09-05T00:43:03.561219+08:00,WSSC,文山運動中心,游泳池,0,200,0.00
2025-09-05T00:43:03.561219+08:00,WSSC,文山運動中心,健身房,0,110,0.00
2025-09-05T00:43:03.561219+08:00,XYSC,信義運動中心,游泳池,0,165,0.00
2025-09-05T00:43:03.561219+08:00,XYSC,信義運動中心,健身房,0,65,0.00
2025-09-05T00:43:03.561219+08:00,ZSSC,中山運動中心,游泳池,0,150,0.00
2025-09-05T00:43:03.561219+08:00,ZSSC,中山運動中心,健身房,0,50,0.00
2025-09-05T00:56:48.142659+08:00,BTSC,北投運動中心,游泳池,0,200,0.00
2025-09-05T00:56:48.142659+08:00,BTSC,北投運動中心,健身房,0,60,0.00
2025-09-05T00:56:48.142659+08:00,DASC,大安運動中心,游泳池,0,250,0.00
2025-09-05T00:56:48.142659+08:00,DASC,大安運動中心,健身房,0,80,0.00
2025-09-05T00:56:48.142659+08:00,DTSC,大同運動中心,游泳池,0,250,0.00
2025-09-05T00:56:48.142659+08:00,DTSC,大同運動中心,健身房,0,90,0.00
2025-09-05T00:56:48.142659+08:00,JJSC,中正運動中心,游泳池,0,200,0.00
2025-09-05T00:56:48.142659+08:00,JJSC,中正運動中心,健身房,0,120,0.00
2025-09-05T00:56:48.142659+08:00,NHSC,內湖運動中心,游泳池,0,200,0.00
2025-09-05T00:56:48.142659+08:00,NHSC,內湖運動中心,健身房,0,130,0.00
2025-09-05T00:56:48.142659+08:00,SLSC,士林運動中心,游泳池,0,200,0.00
2025-09-05T00:56:48.142659+08:00,SLSC,士林運動中心,健身房,0,100,0.00
2025-09-05T00:56:48.142659+08:00,SSSC,松山運動中心,游泳池,0,400,0.00
2025-09-05T00:56:48.142659+08:00,SSSC,松山運動中心,健身房,0,100,0.00
2025-09-05T00:56:48.142659+08:00,WHSC,萬華運動中心,游泳池,0,100,0.00
2025-09-05T00:56:48.142659+08:00,WHSC,萬華運動中心,健身房,0,150,0.00
2025-09-05T00:56:48.142659+08:00,WSSC,文山運動中心,游泳池,0,200,0.00
2025-09-05T00:56:48.142659+08:00,WSSC,文山運動中心,健身房,0,110,0.00
2025-09-05T00:56:48.142659+08:00,XYSC,信義運動中心,游泳池,0,165,0.00
2025-09-05T00:56:48.142659+08:00,XYSC,信義運動中心,健身房,0,65,0.00
2025-09-05T00:56:48.142659+08:00,ZSSC,中山運動中心,游泳池,0,150,0.00
2025-09-05T00:56:48.142659+08:00,ZSSC,中山運動中心,健身房,0,50,0.00
2025-09-05T01:23:51.457947+08:00,BTSC,北投運動中心,游泳池,0,200,0.00
2025-09-05T01:23:51.457947+08:00,BTSC,北投運動中心,健身房,0,60,0.00
2025-09-05T01:23:51.457947+08:00,DASC,大安運動中心,游泳池,0,250,0.00
2025-09-05T01:23:51.457947+08:00,DASC,大安運動中心,健身房,0,80,0.00
2025-09-05T01:23:51.457947+08:00,DTSC,大同運動中心,游泳池,0,250,0.00
2025-09-05T01:23:51.457947+08:00,DTSC,大同運動中心,健身房,0,90,0.00
2025-09-05T01:23:51.457947+08:00,JJSC,中正運動中心,游泳池,0,200,0.00
2025-09-05T01:23:51.457947+08:00,JJSC,中正運動中心,健身房,0,120,0.00
2025-09-05T01:23:51.457947+08:00,NHSC,內湖運動中心,游泳池,0,200,0.00
2025-09-05T01:23:51.457947+08:00,NHSC,內湖運動中心,健身房,0,130,0.00
2025-09-05T01:23:51.457947+08:00,SLSC,士林運動中心,游泳池,0,200,0.00
2025-09-05T01:23:51.457947+08:00,SLSC,士林運動中心,健身房,0,100,0.00
2025-09-05T01:23:51.457947+08:00,SSSC,松山運動中心,游泳池,0,400,0.00
2025-09-05T01:23:51.457947+08:00,SSSC,松山運動中心,健身房,0,100,0.00
2025-09-05T01:23:51.457947+08:00,WHSC,萬華運動中心,游泳池,0,100,0.00
2025-09-05T01:23:51.457947+08:00,WHSC,萬華運動中心,健身房,0,150,0.00
2025-09-05T01:23:51.457947+08:00,WSSC,文山運動中心,游泳池,0,200,0.00
2025-09-05T01:23:51.457947+08:00,WSSC,文山運動中心,健身房,0,110,0.00
2025-09-05T01:23:51.457947+08:00,XYSC,信義運動中心,游泳池,0,165,0.00
2025-09-05T01:23:51.457947+08:00,XYSC,信義運動中心,健身房,0,65,0.00
2025-09-05T01:23:51.457947+08:00,ZSSC,中山運動中心,游泳池,0,150,0.00
2025-09-05T01:23:51.457947+08:00,ZSSC,中山運動中心,健身房,0,50,0.00
2025-09-05T01:38:22.411564+08:00,BTSC,北投運動中心,游泳池,0,200,0.00
2025-09-05T01:38:22.411564+08:00,BTSC,北投運動中心,健身房,0,60,0.00
2025-09-05T01:38:22.411564+08:00,DASC,大安運動中心,游泳池,0,250,0.00
2025-09-05T01:38:22.411564+08:00,DASC,大安運動中心,健身房,0,80,0.00
2025-09-05T01:38:22.411564+08:00,DTSC,大同運動中心,游泳池,0,250,0.00
2025-09-05T01:38:22.411564+08:00,DTSC,大同運動中心,健身房,0,90,0.00
2025-09-05T01:38:22.411564+08:00,JJSC,中正運動中心,游泳池,0,200,0.00
2025-09-05T01:38:22.411564+08:00,JJSC,中正運動中心,健身房,0,120,0.00
2025-09-05T01:38:22.411564+08:00,NHSC,內湖運動中心,游泳池,0,200,0.00
2025-09-05T01:38:22.411564+08:00,NHSC,內湖運動中心,健身房,0,130,0.00
2025-09-05T01:38:22.411564+08:00,SLSC,士林運動中心,游泳池,0,200,0.00
2025-09-05T01:38:22.411564+08:00,SLSC,士林運動中心,健身房,0,100,0.00
2025-09-05T01:38:22.411564+08:00,SSSC,松山運動中心,游泳池,0,400,0.00
2025-09-05T01:38:22.411564+08:00,SSSC,松山運動中心,健身房,0,100,0.00
2025-09-05T01:38:22.411564+08:00,WHSC,萬華運動中心,游泳池,0,100,0.00
2025-09-05T01:38:22.411564+08:00,WHSC,萬華運動中心,健身房,0,150,0.00
2025-09-05T01:38:22.411564+08:00,WSSC,文山運動中心,游泳池,0,200,0.00
2025-09-05T01:38:22.411564+08:00,WSSC,文山運動中心,健身房,0,110,0.00
2025-09-05T01:38:22.411564+08:00,XYSC,信義運動中心,游泳池,0,165,0.00
2025-09-05T01:38:22.411564+08:00,XYSC,信義運動中心,健身房,0,65,0.00
2025-09-05T01:38:22.411564+08:00,ZSSC,中山運動中心,游泳池,0,150,0.00
2025-09-05T01:38:22.411564+08:00,ZSSC,中山運動中心,健身房,0,50,0.00
2025-09-05T01:51:37.290118+08:00,BTSC,北投運動中心,游泳池,0,200,0.00
2025-09-05T01:51:37.290118+08:00,BTSC,北投運動中心,健身房,0,60,0.00
2025-09-05T01:51:37.290118+08:00,DASC,大安運動中心,游泳池,0,250,0.00
2025-09-05T01:51:37.290118+08:00,DASC,大安運動中心,健身房,0,80,0.00
2025-09-05T01:51:37.290118+08:00,DTSC,大同運動中心,游泳池,0,250,0.00
2025-09-05T01:51:37.290118+08:00,DTSC,大同運動中心,健身房,0,90,0.00
2025-09-05T01:51:37.290118+08:00,JJSC,中正運動中心,游泳池,0,200,0.00
2025-09-05T01:51:37.290118+08:00,JJSC,中正運動中心,健身房,0,120,0.00
2025-09-05T01:51:37.290118+08:00,NHSC,內湖運動中心,游泳池,0,200,0.00
2025-09-05T01:51:37.290118+08:00,NHSC,內湖運動中心,健身房,0,130,0.00
2025-09-05T01:51:37.290118+08:00,SLSC,士林運動中心,游泳池,0,200,0.00
2025-09-05T01:51:37.290118+08:00,SLSC,士林運動中心,健身房,0,100,0.00
2025-09-05T01:51:37.290118+08:00,SSSC,松山運動中心,游泳池,0,400,0.00
2025-09-05T01:51:37.290118+08:00,SSSC,松山運動中心,健身房,0,100,0.00
2025-09-05T01:51:37.290118+08:00,WHSC,萬華運動中心,游泳池,0,100,0.00
2025-09-05T01:51:37.290118+08:00,WHSC,萬華運動中心,健身房,0,150,0.00
2025-09-05T01:51:37.290118+08:00,WSSC,文山運動中心,游泳池,0,200,0.00
2025-09-05T01:51:37.290118+08:00,WSSC,文山運動中心,健身房,0,110,0.00
2025-09-05T01:51:37.290118+08:00,XYSC,信義運動中心,游泳池,0,165,0.00
2025-09-05T01:51:37.290118+08:00,XYSC,信義運動中心,健身房,0,65,0.00
2025-09-05T01:51:37.290118+08:00,ZSSC,中山運動中心,游泳池,0,150,0.00
2025-09-05T01:51:37.290118+08:00,ZSSC,中山運動中心,健身房,0,50,0.00
2025-09-05T02:21:05.582272+08:00,BTSC,北投運動中心,游泳池,0,200,0.00
2025-09-05T02:21:05.582272+08:00,BTSC,北投運動中心,健身房,0,60,0.00
2025-09-05T02:21:05.582272+08:00,DASC,大安運動中心,游泳池,0,250,0.00
2025-09-05T02:21:05.582272+08:00,DASC,大安運動中心,健身房,0,80,0.00
2025-09-05T02:21:05.582272+08:00,DTSC,大同運動中心,游泳池,0,250,0.00
2025-09-05T02:21:05.582272+08:00,DTSC,大同運動中心,健身房,0,90,0.00
2025-09-05T02:21:05.582272+08:00,JJSC,中正運動中心,游泳池,0,200,0.00
2025-09-05T02:21:05.582272+08:00,JJSC,中正運動中心,健身房,0,120,0.00
2025-09-05T02:21:05.582272+08:00,NHSC,內湖運動中心,游泳池,0,200,0.00
2025-09-05T02:21:05.582272+08:00,NHSC,內湖運動中心,健身房,0,130,0.00
2025-09-05T02:21:05.582272+08:00,SLSC,士林運動中心,游泳池,0,200,0.00
2025-09-05T02:21:05.582272+08:00,SLSC,士林運動中心,健身房,0,100,0.00
2025-09-05T02:21:05.582272+08:00,SSSC,松山運動中心,游泳池,0,400,0.00
2025-09-05T02:21:05.582272+08:00,SSSC,松山運動中心,健身房,0,100,0.00
2025-09-05T02:21:05.582272+08:00,WHSC,萬華運動中心,游泳池,0,100,0.00
2025-09-05T02:21:05.582272+08:00,WHSC,萬華運動中心,健身房,0,150,0.00
2025-09-05T02:21:05.582272+08:00,WSSC,文山運動中心,游泳池,0,200,0.00
2025-09-05T02:21:05.582272+08:00,WSSC,文山運動中心,健身房,0,110,0.00
2025-09-05T02:21:05.582272+08:00,XYSC,信義運動中心,游泳池,0,165,0.00
2025-09-05T02:21:05.582272+08:00,XYSC,信義運動中心,健身房,0,65,0.00
2025-09-05T02:21:05.582272+08:00,ZSSC,中山運動中心,游泳池,0,150,0.00
2025-09-05T02:21:05.582272+08:00,ZSSC,中山運動中心,健身房,0,50,0.00
2025-09-05T02:46:23.543474+08:00,BTSC,北投運動中心,游泳池,0,200,0.00
2025-09-05T02:46:23.543474+08:00,BTSC,北投運動中心,健身房,0,60,0.00
2025-09-05T02:46:23.543474+08:00,DASC,大安運動中心,游泳池,0,250,0.00
2025-09-05T02:46:23.543474+08:00,DASC,大安運動中心,健身房,0,80,0.00
2025-09-05T02:46:23.543474+08:00,DTSC,大同運動中心,游泳池,0,250,0.00
2025-09-05T02:46:23.543474+08:00,DTSC,大同運動中心,健身房,0,90,0.00
2025-09-05T02:46:23.543474+08:00,JJSC,中正運動中心,游泳池,0,200,0.00
2025-09-05T02:46:23.543474+08:00,JJSC,中正運動中心,健身房,0,120,0.00
2025-09-05T02:46:23.543474+08:00,NHSC,內湖運動中心,游泳池,0,200,0.00
2025-09-05T02:46:23.543474+08:00,NHSC,內湖運動中心,健身房,0,130,0.00
2025-09-05T02:46:23.543474+08:00,SLSC,士林運動中心,游泳池,0,200,0.00
2025-09-05T02:46:23.543474+08:00,SLSC,士林運動中心,健身房,0,100,0.00
2025-09-05T02:46:23.543474+08:00,SSSC,松山運動中心,游泳池,0,400,0.00
2025-09-05T02:46:23.543474+08:00,SSSC,松山運動中心,健身房,0,100,0.00
2025-09-05T02:46:23.543474+08:00,WHSC,萬華運動中心,游泳池,0,100,0.00
2025-09-05T02:46:23.543474+08:00,WHSC,萬華運動中心,健身房,0,150,0.00
2025-09-05T02:46:23.543474+08:00,WSSC,文山運動中心,游泳池,0,200,0.00
2025-09-05T02:46:23.543474+08:00,WSSC,文山運動中心,健身房,0,110,0.00
2025-09-05T02:46:23.543474+08:00,XYSC,信義運動中心,游泳池,0,165,0.00
2025-09-05T02:46:23.543474+08:00,XYSC,信義運動中心,健身房,0,65,0.00
2025-09-05T02:46:23.543474+08:00,ZSSC,中山運動中心,游泳池,0,150,0.00
2025-09-05T02:46:23.543474+08:00,ZSSC,中山運動中心,健身房,0,50,0.00
2025-09-05T02:59:56.305427+08:00,BTSC,北投運動中心,游泳池,0,200,0.00
2025-09-05T02:59:56.305427+08:00,BTSC,北投運動中心,健身房,0,60,0.00
2025-09-05T02:59:56.305427+08:00,DASC,大安運動中心,游泳池,0,250,0.00
2025-09-05T02:59:56.305427+08:00,DASC,大安運動中心,健身房,0,80,0.00
2025-09-05T02:59:56.305427+08:00,DTSC,大同運動中心,游泳池,0,250,0.00
2025-09-05T02:59:56.305427+08:00,DTSC,大同運動中心,健身房,0,90,0.00
2025-09-05T02:59:56.305427+08:00,JJSC,中正運動中心,游泳池,0,200,0.00
2025-09-05T02:59:56.305427+08:00,JJSC,中正運動中心,健身房,0,120,0.00
2025-09-05T02:59:56.305427+08:00,NHSC,內湖運動中心,游泳池,0,200,0.00
2025-09-05T02:59:56.305427+08:00,NHSC,內湖運動中心,健身房,0,130,0.00
2025-09-05T02:59:56.305427+08:00,SLSC,士林運動中心,游泳池,0,200,0.00
2025-09-05T02:59:56.305427+08:00,SLSC,士林運動中心,健身房,0,100,0.00
2025-09-05T02:59:56.305427+08:00,SSSC,松山運動中心,游泳池,0,400,0.00
2025-09-05T02:59:56.305427+08:00,SSSC,松山運動中心,健身房,0,100,0.00
2025-09-05T02:59:56.305427+08:00,WHSC,萬華運動中心,游泳池,0,100,0.00
2025-09-05T02:59:56.305427+08:00,WHSC,萬華運動中心,健身房,0,150,0.00
2025-09-05T02:59:56.305427+08:00,WSSC,文山運動中心,游泳池,0,200,0.00
2025-09-05T02:59:56.305427+08:00,WSSC,文山運動中心,健身房,0,110,0.00
2025-09-05T02:59:56.305427+08:00,XYSC,信義運動中心,游泳池,0,165,0.00
2025-09-05T02:59:56.305427+08:00,XYSC,信義運動中心,健身房,0,65,0.00
2025-09-05T02:59:56.305427+08:00,ZSSC,中山運動中心,游泳池,0,150,0.00
2025-09-05T02:59:56.305427+08:00,ZSSC,中山運動中心,健身房,0,50,0.00
2025-09-05T03:21:24.974595+08:00,BTSC,北投運動中心,游泳池,0,200,0.00
2025-09-05T03:21:24.974595+08:00,BTSC,北投運動中心,健身房,0,60,0.00
2025-09-05T03:21:24.974595+08:00,DASC,大安運動中心,游泳池,0,250,0.00
2025-09-05T03:21:24.974595+08:00,DASC,大安運動中心,健身房,0,80,0.00
2025-09-05T03:21:24.974595+08:00,DTSC,大同運動中心,游泳池,0,250,0.00
2025-09-05T03:21:24.974595+08:00,DTSC,大同運動中心,健身房,0,90,0.00
2025-09-05T03:21:24.974595+08:00,JJSC,中正運動中心,游泳池,0,200,0.00
2025-09-05T03:21:24.974595+08:00,JJSC,中正運動中心,健身房,0,120,0.00
2025-09-05T03:21:24.974595+08:00,NHSC,內湖運動中心,游泳池,0,200,0.00
2025-09-05T03:21:24.974595+08:00,NHSC,內湖運動中心,健身房,0,130,0.00
2025-09-05T03:21:24.974595+08:00,SLSC,士林運動中心,游泳池,0,200,0.00
2025-09-05T03:21:24.974595+08:00,SLSC,士林運動中心,健身房,0,100,0.00
2025-09-05T03:21:24.974595+08:00,SSSC,松山運動中心,游泳池,0,400,0.00
2025-09-05T03:21:24.974595+08:00,SSSC,松山運動中心,健身房,0,100,0.00
2025-09-05T03:21:24.974595+08:00,WHSC,萬華運動中心,游泳池,0,100,0.00
2025-09-05T03:21:24.974595+08:00,WHSC,萬華運動中心,健身房,0,150,0.00
2025-09-05T03:21:24.974595+08:00,WSSC,文山運動中心,游泳池,0,200,0.00
2025-09-05T03:21:24.974595+08:00,WSSC,文山運動中心,健身房,0,110,0.00
2025-09-05T03:21:24.974595+08:00,XYSC,信義運動中心,游泳池,0,165,0.00
2025-09-05T03:21:24.974595+08:00,XYSC,信義運動中心,健身房,0,65,0.00
2025-09-05T03:21:24.974595+08:00,ZSSC,中山運動中心,游泳池,0,150,0.00
2025-09-05T03:21:24.974595+08:00,ZSSC,中山運動中心,健身房,0,50,0.00
2025-09-05T03:35:07.775067+08:00,BTSC,北投運動中心,游泳池,0,200,0.00
2025-09-05T03:35:07.775067+08:00,BTSC,北投運動中心,健身房,0,60,0.00
2025-09-05T03:35:07.775067+08:00,DASC,大安運動中心,游泳池,0,250,0.00
2025-09-05T03:35:07.775067+08:00,DASC,大安運動中心,健身房,0,80,0.00
2025-09-05T03:35:07.775067+08:00,DTSC,大同運動中心,游泳池,0,250,0.00
2025-09-05T03:35:07.775067+08:00,DTSC,大同運動中心,健身房,0,90,0.00
2025-09-05T03:35:07.775067+08:00,JJSC,中正運動中心,游泳池,0,200,0.00
2025-09-05T03:35:07.775067+08:00,JJSC,中正運動中心,健身房,0,120,0.00
2025-09-05T03:35:07.775067+08:00,NHSC,內湖運動中心,游泳池,0,200,0.00
2025-09-05T03:35:07.775067+08:00,NHSC,內湖運動中心,健身房,0,130,0.00
2025-09-05T03:35:07.775067+08:00,SLSC,士林運動中心,游泳池,0,200,0.00
2025-09-05T03:35:07.775067+08:00,SLSC,士林運動中心,健身房,0,100,0.00
2025-09-05T03:35:07.775067+08:00,SSSC,松山運動中心,游泳池,0,400,0.00
2025-09-05T03:35:07.775067+08:00,SSSC,松山運動中心,健身房,0,100,0.00
2025-09-05T03:35:07.775067+08:00,WHSC,萬華運動中心,游泳池,0,100,0.00
2025-09-05T03:35:07.775067+08:00,WHSC,萬華運動中心,健身房,0,150,0.00
2025-09-05T03:35:07.775067+08:00,WSSC,文山運動中心,游泳池,0,200,0.00
2025-09-05T03:35:07.775067+08:00,WSSC,文山運動中心,健身房,0,110,0.00
2025-09-05T03:35:07.775067+08:00,XYSC,信義運動中心,游泳池,0,165,0.00
2025-09-05T03:35:07.775067+08:00,XYSC,信義運動中心,健身房,0,65,0.00
2025-09-05T03:35:07.775067+08:00,ZSSC,中山運動中心,游泳池,0,150,0.00
2025-09-05T03:35:07.775067+08:00,ZSSC,中山運動中心,健身房,0,50,0.00
2025-09-05T03:50:05.572606+08:00,BTSC,北投運動中心,游泳池,0,200,0.00
2025-09-05T03:50:05.572606+08:00,BTSC,北投運動中心,健身房,0,60,0.00
2025-09-05T03:50:05.572606+08:00,DASC,大安運動中心,游泳池,0,250,0.00
2025-09-05T03:50:05.572606+08:00,DASC,大安運動中心,健身房,0,80,0.00
2025-09-05T03:50:05.572606+08:00,DTSC,大同運動中心,游泳池,0,250,0.00
2025-09-05T03:50:05.572606+08:00,DTSC,大同運動中心,健身房,0,90,0.00
2025-09-05T03:50:05.572606+08:00,JJSC,中正運動中心,游泳池,0,200,0.00
2025-09-05T03:50:05.572606+08:00,JJSC,中正運動中心,健身房,0,120,0.00
2025-09-05T03:50:05.572606+08:00,NHSC,內湖運動中心,游泳池,0,200,0.00
2025-09-05T03:50:05.572606+08:00,NHSC,內湖運動中心,健身房,0,130,0.00
2025-09-05T03:50:05.572606+08:00,SLSC,士林運動中心,游泳池,0,200,0.00
2025-09-05T03:50:05.572606+08:00,SLSC,士林運動中心,健身房,0,100,0.00
2025-09-05T03:50:05.572606+08:00,SSSC,松山運動中心,游泳池,0,400,0.00
2025-09-05T03:50:05.572606+08:00,SSSC,松山運動中心,健身房,0,100,0.00
2025-09-05T03:50:05.572606+08:00,WHSC,萬華運動中心,游泳池,0,100,0.00
2025-09-05T03:50:05.572606+08:00,WHSC,萬華運動中心,健身房,0,150,0.00
2025-09-05T03:50:05.572606+08:00,WSSC,文山運動中心,游泳池,0,200,0.00
2025-09-05T03:50:05.572606+08:00,WSSC,文山運動中心,健身房,0,110,0.00
2025-09-05T03:50:05.572606+08:00,XYSC,信義運動中心,游泳池,0,165,0.00
2025-09-05T03:50:05.572606+08:00,XYSC,信義運動中心,健身房,0,65,0.00
2025-09-05T03:50:05.572606+08:00,ZSSC,中山運動中心,游泳池,0,150,0.00
2025-09-05T03:50:05.572606+08:00,ZSSC,中山運動中心,健身房,0,50,0.00
2025-09-05T04:02:44.969297+08:00,BTSC,北投運動中心,游泳池,0,200,0.00
2025-09-05T04:02:44.969297+08:00,BTSC,北投運動中心,健身房,0,60,0.00
2025-09-05T04:02:44.969297+08:00,DASC,大安運動中心,游泳池,0,250,0.00
2025-09-05T04:02:44.969297+08:00,DASC,大安運動中心,健身房,0,80,0.00
2025-09-05T04:02:44.969297+08:00,DTSC,大同運動中心,游泳池,0,250,0.00
2025-09-05T04:02:44.969297+08:00,DTSC,大同運動中心,健身房,0,90,0.00
2025-09-05T04:02:44.969297+08:00,JJSC,中正運動中心,游泳池,0,200,0.00
2025-09-05T04:02:44.969297+08:00,JJSC,中正運動中心,健身房,0,120,0.00
2025-09-05T04:02:44.969297+08:00,NHSC,內湖運動中心,游泳池,0,200,0.00
2025-09-05T04:02:44.969297+08:00,NHSC,內湖運動中心,健身房,0,130,0.00
2025-09-05T04:02:44.969297+08:00,SLSC,士林運動中心,游泳池,0,200,0.00
2025-09-05T04:02:44.969297+08:00,SLSC,士林運動中心,健身房,0,100,0.00
2025-09-05T04:02:44.969297+08:00,SSSC,松山運動中心,游泳池,0,400,0.00
2025-09-05T04:02:44.969297+08:00,SSSC,松山運動中心,健身房,0,100,0.00
2025-09-05T04:02:44.969297+08:00,WHSC,萬華運動中心,游泳池,0,100,0.00
2025-09-05T04:02:44.969297+08:00,WHSC,萬華運動中心,健身房,0,150,0.00
2025-09-05T04:02:44.969297+08:00,WSSC,文山運動中心,游泳池,0,200,0.00
2025-09-05T04:02:44.969297+08:00,WSSC,文山運動中心,健身房,0,110,0.00
2025-09-05T04:02:44.969297+08:00,XYSC,信義運動中心,游泳池,0,165,0.00
2025-09-05T04:02:44.969297+08:00,XYSC,信義運動中心,健身房,0,65,0.00
2025-09-05T04:02:44.969297+08:00,ZSSC,中山運動中心,游泳池,0,150,0.00
2025-09-05T04:02:44.969297+08:00,ZSSC,中山運動中心,健身房,0,50,0.00
2025-09-05T04:30:18.651705+08:00,BTSC,北投運動中心,游泳池,0,200,0.00
2025-09-05T04:30:18.651705+08:00,BTSC,北投運動中心,健身房,0,60,0.00
2025-09-05T04:30:18.651705+08:00,DASC,大安運動中心,游泳池,0,250,0.00
2025-09-05T04:30:18.651705+08:00,DASC,大安運動中心,健身房,0,80,0.00
2025-09-05T04:30:18.651705+08:00,DTSC,大同運動中心,游泳池,0,250,0.00
2025-09-05T04:30:18.651705+08:00,DTSC,大同運動中心,健身房,0,90,0.00
2025-09-05T04:30:18.651705+08:00,JJSC,中正運動中心,游泳池,0,200,0.00
2025-09-05T04:30:18.651705+08:00,JJSC,中正運動中心,健身房,0,120,0.00
2025-09-05T04:30:18.651705+08:00,NHSC,內湖運動中心,游泳池,0,200,0.00
2025-09-05T04:30:18.651705+08:00,NHSC,內湖運動中心,健身房,0,130,0.00
2025-09-05T04:30:18.651705+08:00,SLSC,士林運動中心,游泳池,0,200,0.00
2025-09-05T04:30:18.651705+08:00,SLSC,士林運動中心,健身房,0,100,0.00
2025-09-05T04:30:18.651705+08:00,SSSC,松山運動中心,游泳池,0,400,0.00
2025-09-05T04:30:18.651705+08:00,SSSC,松山運動中心,健身房,0,100,0.00
2025-09-05T04:30:18.651705+08:00,WHSC,萬華運動中心,游泳池,0,100,0.00
2025-09-05T04:30:18.651705+08:00,WHSC,萬華運動中心,健身房,0,150,0.00
2025-09-05T04:30:18.651705+08:00,WSSC,文山運動中心,游泳池,0,200,0.00
2025-09-05T04:30:18.651705+08:00,WSSC,文山運動中心,健身房,0,110,0.00
2025-09-05T04:30:18.651705+08:00,XYSC,信義運動中心,游泳池,0,165,0.00
2025-09-05T04:30:18.651705+08:00,XYSC,信義運動中心,健身房,0,65,0.00
2025-09-05T04:30:18.651705+08:00,ZSSC,中山運動中心,游泳池,0,150,0.00
2025-09-05T04:30:18.651705+08:00,ZSSC,中山運動中心,健身房,0,50,0.00
2025-09-05T04:45:34.877535+08:00,BTSC,北投運動中心,游泳池,0,200,0.00
2025-09-05T04:45:34.877535+08:00,BTSC,北投運動中心,健身房,0,60,0.00
2025-09-05T04:45:34.877535+08:00,DASC,大安運動中心,游泳池,0,250,0.00
2025-09-05T04:45:34.877535+08:00,DASC,大安運動中心,健身房,0,80,0.00
2025-09-05T04:45:34.877535+08:00,DTSC,大同運動中心,游泳池,0,250,0.00
2025-09-05T04:45:34.877535+08:00,DTSC,大同運動中心,健身房,0,90,0.00
2025-09-05T04:45:34.877535+08:00,JJSC,中正運動中心,游泳池,0,200,0.00
2025-09-05T04:45:34.877535+08:00,JJSC,中正運動中心,健身房,0,120,0.00
2025-09-05T04:45:34.877535+08:00,NHSC,內湖運動中心,游泳池,0,200,0.00
2025-09-05T04:45:34.877535+08:00,NHSC,內湖運動中心,健身房,0,130,0.00
2025-09-05T04:45:34.877535+08:00,SLSC,士林運動中心,游泳池,0,200,0.00
2025-09-05T04:45:34.877535+08:00,SLSC,士林運動中心,健身房,0,100,0.00
2025-09-05T04:45:34.877535+08:00,SSSC,松山運動中心,游泳池,0,400,0.00
2025-09-05T04:45:34.877535+08:00,SSSC,松山運動中心,健身房,0,100,0.00
2025-09-05T04:45:34.877535+08:00,WHSC,萬華運動中心,游泳池,0,100,0.00
2025-09-05T04:45:34.877535+08:00,WHSC,萬華運動中心,健身房,0,150,0.00
2025-09-05T04:45:34.877535+08:00,WSSC,文山運動中心,游泳池,0,200,0.00
2025-09-05T04:45:34.877535+08:00,WSSC,文山運動中心,健身房,0,110,0.00
2025-09-05T04:45:34.877535+08:00,XYSC,信義運動中心,游泳池,0,165,0.00
2025-09-05T04:45:34.877535+08:00,XYSC,信義運動中心,健身房,0,65,0.00
2025-09-05T04:45:34.877535+08:00,ZSSC,中山運動中心,游泳池,0,150,0.00
2025-09-05T04:45:34.877535+08:00,ZSSC,中山運動中心,健身房,0,50,0.00
2025-09-05T04:57:06.093112+08:00,BTSC,北投運動中心,游泳池,0,200,0.00
2025-09-05T04:57:06.093112+08:00,BTSC,北投運動中心,健身房,0,60,0.00
2025-09-05T04:57:06.093112+08:00,DASC,大安運動中心,游泳池,0,250,0.00
2025-09-05T04:57:06.093112+08:00,DASC,大安運動中心,健身房,0,80,0.00
2025-09-05T04:57:06.093112+08:00,DTSC,大同運動中心,游泳池,0,250,0.00
2025-09-05T04:57:06.093112+08:00,DTSC,大同運動中心,健身房,0,90,0.00
2025-09-05T04:57:06.093112+08:00,JJSC,中正運動中心,游泳池,0,200,0.00
2025-09-05T04:57:06.093112+08:00,JJSC,中正運動中心,健身房,0,120,0.00
2025-09-05T04:57:06.093112+08:00,NHSC,內湖運動中心,游泳池,0,200,0.00
2025-09-05T04:57:06.093112+08:00,NHSC,內湖運動中心,健身房,0,130,0.00
2025-09-05T04:57:06.093112+08:00,SLSC,士林運動中心,游泳池,0,200,0.00
2025-09-05T04:57:06.093112+08:00,SLSC,士林運動中心,健身房,0,100,0.00
2025-09-05T04:57:06.093112+08:00,SSSC,松山運動中心,游泳池,0,400,0.00
2025-09-05T04:57:06.093112+08:00,SSSC,松山運動中心,健身房,0,100,0.00
2025-09-05T04:57:06.093112+08:00,WHSC,萬華運動中心,游泳池,0,100,0.00
2025-09-05T04:57:06.093112+08:00,WHSC,萬華運動中心,健身房,0,150,0.00
2025-09-05T04:57:06.093112+08:00,WSSC,文山運動中心,游泳池,0,200,0.00
2025-09-05T04:57:06.093112+08:00,WSSC,文山運動中心,健身房,0,110,0.00
2025-09-05T04:57:06.093112+08:00,XYSC,信義運動中心,游泳池,0,165,0.00
2025-09-05T04:57:06.093112+08:00,XYSC,信義運動中心,健身房,0,65,0.00
2025-09-05T04:57:06.093112+08:00,ZSSC,中山運動中心,游泳池,0,150,0.00
2025-09-05T04:57:06.093112+08:00,ZSSC,中山運動中心,健身房,0,50,0.00
2025-09-05T05:24:46.206229+08:00,BTSC,北投運動中心,游泳池,0,200,0.00
2025-09-05T05:24:46.206229+08:00,BTSC,北投運動中心,健身房,0,60,0.00
2025-09-05T05:24:46.206229+08:00,DASC,大安運動中心,游泳池,0,250,0.00
2025-09-05T05:24:46.206229+08:00,DASC,大安運動中心,健身房,0,80,0.00
2025-09-05T05:24:46.206229+08:00,DTSC,大同運動中心,游泳池,0,250,0.00
2025-09-05T05:24:46.206229+08:00,DTSC,大同運動中心,健身房,0,90,0.00
2025-09-05T05:24:46.206229+08:00,JJSC,中正運動中心,游泳池,0,200,0.00
2025-09-05T05:24:46.206229+08:00,JJSC,中正運動中心,健身房,0,120,0.00
2025-09-05T05:24:46.206229+08:00,NHSC,內湖運動中心,游泳池,0,200,0.00
2025-09-05T05:24:46.206229+08:00,NHSC,內湖運動中心,健身房,0,130,0.00
2025-09-05T05:24:46.206229+08:00,SLSC,士林運動中心,游泳池,0,200,0.00
2025-09-05T05:24:46.206229+08:00,SLSC,士林運動中心,健身房,0,100,0.00
2025-09-05T05:24:46.206229+08:00,SSSC,松山運動中心,游泳池,0,400,0.00
2025-09-05T05:24:46.206229+08:00,SSSC,松山運動中心,健身房,0,100,0.00
2025-09-05T05:24:46.206229+08:00,WHSC,萬華運動中心,游泳池,0,100,0.00
2025-09-05T05:24:46.206229+08:00,WHSC,萬華運動中心,健身房,0,150,0.00
2025-09-05T05:24:46.206229+08:00,WSSC,文山運動中心,游泳池,0,200,0.00
2025-09-05T05:24:46.206229+08:00,WSSC,文山運動中心,健身房,0,110,0.00
2025-09-05T05:24:46.206229+08:00,XYSC,信義運動中心,游泳池,0,165,0.00
2025-09-05T05:24:46.206229+08:00,XYSC,信義運動中心,健身房,0,65,0.00
2025-09-05T05:24:46.206229+08:00,ZSSC,中山運動中心,游泳池,0,150,0.00
2025-09-05T05:24:46.206229+08:00,ZSSC,中山運動中心,健身房,0,50,0.00
2025-09-05T05:37:40.599302+08:00,BTSC,北投運動中心,游泳池,0,200,0.00
2025-09-05T05:37:40.599302+08:00,BTSC,北投運動中心,健身房,0,60,0.00
2025-09-05T05:37:40.599302+08:00,DASC,大安運動中心,游泳池,0,250,0.00
2025-09-05T05:37:40.599302+08:00,DASC,大安運動中心,健身房,0,80,0.00
2025-09-05T05:37:40.599302+08:00,DTSC,大同運動中心,游泳池,0,250,0.00
2025-09-05T05:37:40.599302+08:00,DTSC,大同運動中心,健身房,0,90,0.00
2025-09-05T05:37:40.599302+08:00,JJSC,中正運動中心,游泳池,0,200,0.00
2025-09-05T05:37:40.599302+08:00,JJSC,中正運動中心,健身房,0,120,0.00
2025-09-05T05:37:40.599302+08:00,NHSC,內湖運動中心,游泳池,0,200,0.00
2025-09-05T05:37:40.599302+08:00,NHSC,內湖運動中心,健身房,0,130,0.00
2025-09-05T05:37:40.599302+08:00,SLSC,士林運動中心,游泳池,0,200,0.00
2025-09-05T05:37:40.599302+08:00,SLSC,士林運動中心,健身房,0,100,0.00
2025-09-05T05:37:40.599302+08:00,SSSC,松山運動中心,游泳池,2,400,0.50
2025-09-05T05:37:40.599302+08:00,SSSC,松山運動中心,健身房,0,100,0.00
2025-09-05T05:37:40.599302+08:00,WHSC,萬華運動中心,游泳池,0,100,0.00
2025-09-05T05:37:40.599302+08:00,WHSC,萬華運動中心,健身房,0,150,0.00
2025-09-05T05:37:40.599302+08:00,WSSC,文山運動中心,游泳池,0,200,0.00
2025-09-05T05:37:40.599302+08:00,WSSC,文山運動中心,健身房,0,110,0.00
2025-09-05T05:37:40.599302+08:00,XYSC,信義運動中心,游泳池,0,165,0.00
2025-09-05T05:37:40.599302+08:00,XYSC,信義運動中心,健身房,0,65,0.00
2025-09-05T05:37:40.599302+08:00,ZSSC,中山運動中心,游泳池,0,150,0.00
2025-09-05T05:37:40.599302+08:00,ZSSC,中山運動中心,健身房,0,50,0.00
2025-09-05T05:52:17.879745+08:00,BTSC,北投運動中心,游泳池,0,200,0.00
2025-09-05T05:52:17.879745+08:00,BTSC,北投運動中心,健身房,0,60,0.00
2025-09-05T05:52:17.879745+08:00,DASC,大安運動中心,游泳池,0,250,0.00
2025-09-05T05:52:17.879745+08:00,DASC,大安運動中心,健身房,0,80,0.00
2025-09-05T05:52:17.879745+08:00,DTSC,大同運動中心,游泳池,0,250,0.00
2025-09-05T05:52:17.879745+08:00,DTSC,大同運動中心,健身房,0,90,0.00
2025-09-05T05:52:17.879745+08:00,JJSC,中正運動中心,游泳池,0,200,0.00
2025-09-05T05:52:17.879745+08:00,JJSC,中正運動中心,健身房,0,120,0.00
2025-09-05T05:52:17.879745+08:00,NHSC,內湖運動中心,游泳池,0,200,0.00
2025-09-05T05:52:17.879745+08:00,NHSC,內湖運動中心,健身房,0,130,0.00
2025-09-05T05:52:17.879745+08:00,SLSC,士林運動中心,游泳池,0,200,0.00
2025-09-05T05:52:17.879745+08:00,SLSC,士林運動中心,健身房,0,100,0.00
2025-09-05T05:52:17.879745+08:00,SSSC,松山運動中心,游泳池,2,400,0.50
2025-09-05T05:52:17.879745+08:00,SSSC,松山運動中心,健身房,0,100,0.00
2025-09-05T05:52:17.879745+08:00,WHSC,萬華運動中心,游泳池,0,100,0.00
2025-09-05T05:52:17.879745+08:00,WHSC,萬華運動中心,健身房,0,150,0.00
2025-09-05T05:52:17.879745+08:00,WSSC,文山運動中心,游泳池,0,200,0.00
2025-09-05T05:52:17.879745+08:00,WSSC,文山運動中心,健身房,0,110,0.00
2025-09-05T05:52:17.879745+08:00,XYSC,信義運動中心,游泳池,0,165,0.00
2025-09-05T05:52:17.879745+08:00,XYSC,信義運動中心,健身房,0,65,0.00
2025-09-05T05:52:17.879745+08:00,ZSSC,中山運動中心,游泳池,0,150,0.00
2025-09-05T05:52:17.879745+08:00,ZSSC,中山運動中心,健身房,0,50,0.00
2025-09-05T06:13:38.879702+08:00,BTSC,北投運動中心,游泳池,35,200,17.50
2025-09-05T06:13:38.879702+08:00,BTSC,北投運動中心,健身房,7,60,11.67
2025-09-05T06:13:38.879702+08:00,DASC,大安運動中心,游泳池,49,250,19.60
2025-09-05T06:13:38.879702+08:00,DASC,大安運動中心,健身房,4,80,5.00
2025-09-05T06:13:38.879702+08:00,DTSC,大同運動中心,游泳池,54,250,21.60
2025-09-05T06:13:38.879702+08:00,DTSC,大同運動中心,健身房,10,90,11.11
2025-09-05T06:13:38.879702+08:00,JJSC,中正運動中心,游泳池,25,200,12.50
2025-09-05T06:13:38.879702+08:00,JJSC,中正運動中心,健身房,5,120,4.17
2025-09-05T06:13:38.879702+08:00,NHSC,內湖運動中心,游泳池,33,200,16.50
2025-09-05T06:13:38.879702+08:00,NHSC,內湖運動中心,健身房,10,130,7.69
2025-09-05T06:13:38.879702+08:00,SLSC,士林運動中心,游泳池,28,200,14.00
2025-09-05T06:13:38.879702+08:00,SLSC,士林運動中心,健身房,17,100,17.00
2025-09-05T06:13:38.879702+08:00,SSSC,松山運動中心,游泳池,64,400,16.00
2025-09-05T06:13:38.879702+08:00,SSSC,松山運動中心,健身房,15,100,15.00
2025-09-05T06:13:38.879702+08:00,WHSC,萬華運動中心,游泳池,14,100,14.00
2025-09-05T06:13:38.879702+08:00,WHSC,萬華運動中心,健身房,10,150,6.67
2025-09-05T06:13:38.879702+08:00,WSSC,文山運動中心,游泳池,28,200,14.00
2025-09-05T06:13:38.879702+08:00,WSSC,文山運動中心,健身房,8,110,7.27
2025-09-05T06:13:38.879702+08:00,XYSC,信義運動中心,游泳池,19,165,11.52
2025-09-05T06:13:38.879702+08:00,XYSC,信義運動中心,健身房,6,65,9.23
2025-09-05T06:13:38.879702+08:00,ZSSC,中山運動中心,游泳池,24,150,16.00
2025-09-05T06:13:38.879702+08:00,ZSSC,中山運動中心,健身房,3,50,6.00
2025-09-05T11:21:54.975365+08:00,BTSC,北投運動中心,游泳池,16,200,8.00
2025-09-05T11:21:54.975365+08:00,BTSC,北投運動中心,健身房,49,60,81.67
2025-09-05T11:21:54.975365+08:00,DASC,大安運動中心,游泳池,68,250,27.20
2025-09-05T11:21:54.975365+08:00,DASC,大安運動中心,健身房,31,80,38.75
2025-09-05T11:21:54.975365+08:00,DTSC,大同運動中心,游泳池,23,250,9.20
2025-09-05T11:21:54.975365+08:00,DTSC,大同運動中心,健身房,29,90,32.22
2025-09-05T11:21:54.975365+08:00,JJSC,中正運動中心,游泳池,24,200,12.00
2025-09-05T11:21:54.975365+08:00,JJSC,中正運動中心,健身房,35,120,29.17
2025-09-05T11:21:54.975365+08:00,NHSC,內湖運動中心,游泳池,50,200,25.00
2025-09-05T11:21:54.975365+08:00,NHSC,內湖運動中心,健身房,38,130,29.23
2025-09-05T11:21:54.975365+08:00,SLSC,士林運動中心,游泳池,41,200,20.50
2025-09-05T11:21:54.975365+08:00,SLSC,士林運動中心,健身房,31,100,31.00
2025-09-05T11:21:54.975365+08:00,SSSC,松山運動中心,游泳池,93,400,23.25
2025-09-05T11:21:54.975365+08:00,SSSC,松山運動中心,健身房,25,100,25.00
2025-09-05T11:21:54.975365+08:00,WHSC,萬華運動中心,游泳池,13,100,13.00
2025-09-05T11:21:54.975365+08:00,WHSC,萬華運動中心,健身房,28,150,18.67
2025-09-05T11:21:54.975365+08:00,WSSC,文山運動中心,游泳池,48,200,24.00
2025-09-05T11:21:54.975365+08:00,WSSC,文山運動中心,健身房,30,110,27.27
2025-09-05T11:21:54.975365+08:00,XYSC,信義運動中心,游泳池,25,165,15.15
2025-09-05T11:21:54.975365+08:00,XYSC,信義運動中心,健身房,17,65,26.15
2025-09-05T11:21:54.975365+08:00,ZSSC,中山運動中心,游泳池,17,150,11.33
2025-09-05T11:21:54.975365+08:00,ZSSC,中山運動中心,健身房,19,50,38.00
2025-09-05T11:47:40.164281+08:00,BTSC,北投運動中心,游泳池,3,200,1.50
2025-09-05T11:47:40.164281+08:00,BTSC,北投運動中心,健身房,56,60,93.33
2025-09-05T11:47:40.164281+08:00,DASC,大安運動中心,游泳池,77,250,30.80
2025-09-05T11:47:40.164281+08:00,DASC,大安運動中心,健身房,26,80,32.50
2025-09-05T11:47:40.164281+08:00,DTSC,大同運動中心,游泳池,24,250,9.60
2025-09-05T11:47:40.164281+08:00,DTSC,大同運動中心,健身房,22,90,24.44
2025-09-05T11:47:40.164281+08:00,JJSC,中正運動中心,游泳池,33,200,16.50
2025-09-05T11:47:40.164281+08:00,JJSC,中正運動中心,健身房,39,120,32.50
2025-09-05T11:47:40.164281+08:00,NHSC,內湖運動中心,游泳池,56,200,28.00
2025-09-05T11:47:40.164281+08:00,NHSC,內湖運動中心,健身房,38,130,29.23
2025-09-05T11:47:40.164281+08:00,SLSC,士林運動中心,游泳池,50,200,25.00
2025-09-05T11:47:40.164281+08:00,SLSC,士林運動中心,健身房,25,100,25.00
2025-09-05T11:47:40.164281+08:00,SSSC,松山運動中心,游泳池,94,400,23.50
2025-09-05T11:47:40.164281+08:00,SSSC,松山運動中心,健身房,25,100,25.00
2025-09-05T11:47:40.164281+08:00,WHSC,萬華運動中心,游泳池,17,100,17.00
2025-09-05T11:47:40.164281+08:00,WHSC,萬華運動中心,健身房,24,150,16.00
2025-09-05T11:47:40.164281+08:00,WSSC,文山運動中心,游泳池,47,200,23.50
2025-09-05T11:47:40.164281+08:00,WSSC,文山運動中心,健身房,25,110,22.73
2025-09-05T11:47:40.164281+08:00,XYSC,信義運動中心,游泳池,27,165,16.36
2025-09-05T11:47:40.164281+08:00,XYSC,信義運動中心,健身房,19,65,29.23
2025-09-05T11:47:40.164281+08:00,ZSSC,中山運動中心,游泳池,19,150,12.67
2025-09-05T11:47:40.164281+08:00,ZSSC,中山運動中心,健身房,22,50,44.00
2025-09-05T11:58:00.247685+08:00,BTSC,北投運動中心,游泳池,4,200,2.00
2025-09-05T11:58:00.247685+08:00,BTSC,北投運動中心,健身房,56,60,93.33
2025-09-05T11:58:00.247685+08:00,DASC,大安運動中心,游泳池,80,250,32.00
2025-09-05T11:58:00.247685+08:00,DASC,大安運動中心,健身房,28,80,35.00
2025-09-05T11:58:00.247685+08:00,DTSC,大同運動中心,游泳池,23,250,9.20
2025-09-05T11:58:00.247685+08:00,DTSC,大同運動中心,健身房,22,90,24.44
2025-09-05T11:58:00.247685+08:00,JJSC,中正運動中心,游泳池,36,200,18.00
2025-09-05T11:58:00.247685+08:00,JJSC,中正運動中心,健身房,38,120,31.67
2025-09-05T11:58:00.247685+08:00,NHSC,內湖運動中心,游泳池,51,200,25.50
2025-09-05T11:58:00.247685+08:00,NHSC,內湖運動中心,健身房,51,130,39.23
2025-09-05T11:58:00.247685+08:00,SLSC,士林運動中心,游泳池,46,200,23.00
2025-09-05T11:58:00.247685+08:00,SLSC,士林運動中心,健身房,24,100,24.00
2025-09-05T11:58:00.247685+08:00,SSSC,松山運動中心,游泳池,90,400,22.50
2025-09-05T11:58:00.247685+08:00,SSSC,松山運動中心,健身房,27,100,27.00
2025-09-05T11:58:00.247685+08:00,WHSC,萬華運動中心,游泳池,16,100,16.00
2025-09-05T11:58:00.247685+08:00,WHSC,萬華運動中心,健身房,28,150,18.67
2025-09-05T11:58:00.247685+08:00,WSSC,文山運動中心,游泳池,45,200,22.50
2025-09-05T11:58:00.247685+08:00,WSSC,文山運動中心,健身房,23,110,20.91
2025-09-05T11:58:00.247685+08:00,XYSC,信義運動中心,游泳池,25,165,15.15
2025-09-05T11:58:00.247685+08:00,XYSC,信義運動中心,健身房,22,65,33.85
2025-09-05T11:58:00.247685+08:00,ZSSC,中山運動中心,游泳池,22,150,14.67
2025-09-05T11:58:00.247685+08:00,ZSSC,中山運動中心,健身房,28,50,56.00
2025-09-05T12:23:07.375962+08:00,BTSC,北投運動中心,游泳池,5,200,2.50
2025-09-05T12:23:07.375962+08:00,BTSC,北投運動中心,健身房,50,60,83.33
2025-09-05T12:23:07.375962+08:00,DASC,大安運動中心,游泳池,72,250,28.80
2025-09-05T12:23:07.375962+08:00,DASC,大安運動中心,健身房,32,80,40.00
2025-09-05T12:23:07.375962+08:00,DTSC,大同運動中心,游泳池,17,250,6.80
2025-09-05T12:23:07.375962+08:00,DTSC,大同運動中心,健身房,21,90,23.33
2025-09-05T12:23:07.375962+08:00,JJSC,中正運動中心,游泳池,40,200,20.00
2025-09-05T12:23:07.375962+08:00,JJSC,中正運動中心,健身房,76,120,63.33
2025-09-05T12:23:07.375962+08:00,NHSC,內湖運動中心,游泳池,53,200,26.50
2025-09-05T12:23:07.375962+08:00,NHSC,內湖運動中心,健身房,84,130,64.62
2025-09-05T12:23:07.375962+08:00,SLSC,士林運動中心,游泳池,39,200,19.50
2025-09-05T12:23:07.375962+08:00,SLSC,士林運動中心,健身房,32,100,32.00
2025-09-05T12:23:07.375962+08:00,SSSC,松山運動中心,游泳池,103,400,25.75
2025-09-05T12:23:07.375962+08:00,SSSC,松山運動中心,健身房,32,100,32.00
2025-09-05T12:23:07.375962+08:00,WHSC,萬華運動中心,游泳池,20,100,20.00
2025-09-05T12:23:07.375962+08:00,WHSC,萬華運動中心,健身房,33,150,22.00
2025-09-05T12:23:07.375962+08:00,WSSC,文山運動中心,游泳池,44,200,22.00
2025-09-05T12:23:07.375962+08:00,WSSC,文山運動中心,健身房,17,110,15.45
2025-09-05T12:23:07.375962+08:00,XYSC,信義運動中心,游泳池,25,165,15.15
2025-09-05T12:23:07.375962+08:00,XYSC,信義運動中心,健身房,30,65,46.15
2025-09-05T12:23:07.375962+08:00,ZSSC,中山運動中心,游泳池,33,150,22.00
2025-09-05T12:23:07.375962+08:00,ZSSC,中山運動中心,健身房,41,50,82.00
2025-09-05T12:41:43.775088+08:00,BTSC,北投運動中心,游泳池,1,200,0.50
2025-09-05T12:41:43.775088+08:00,BTSC,北投運動中心,健身房,45,60,75.00
2025-09-05T12:41:43.775088+08:00,DASC,大安運動中心,游泳池,74,250,29.60
2025-09-05T12:41:43.775088+08:00,DASC,大安運動中心,健身房,32,80,40.00
2025-09-05T12:41:43.775088+08:00,DTSC,大同運動中心,游泳池,20,250,8.00
2025-09-05T12:41:43.775088+08:00,DTSC,大同運動中心,健身房,22,90,24.44
2025-09-05T12:41:43.775088+08:00,JJSC,中正運動中心,游泳池,40,200,20.00
2025-09-05T12:41:43.775088+08:00,JJSC,中正運動中心,健身房,74,120,61.67
2025-09-05T12:41:43.775088+08:00,NHSC,內湖運動中心,游泳池,48,200,24.00
2025-09-05T12:41:43.775088+08:00,NHSC,內湖運動中心,健身房,74,130,56.92
2025-09-05T12:41:43.775088+08:00,SLSC,士林運動中心,游泳池,36,200,18.00
2025-09-05T12:41:43.775088+08:00,SLSC,士林運動中心,健身房,37,100,37.00
2025-09-05T12:41:43.775088+08:00,SSSC,松山運動中心,游泳池,110,400,27.50
2025-09-05T12:41:43.775088+08:00,SSSC,松山運動中心,健身房,28,100,28.00
2025-09-05T12:41:43.775088+08:00,WHSC,萬華運動中心,游泳池,20,100,20.00
2025-09-05T12:41:43.775088+08:00,WHSC,萬華運動中心,健身房,31,150,20.67
2025-09-05T12:41:43.775088+08:00,WSSC,文山運動中心,游泳池,40,200,20.00
2025-09-05T12:41:43.775088+08:00,WSSC,文山運動中心,健身房,15,110,13.64
2025-09-05T12:41:43.775088+08:00,XYSC,信義運動中心,游泳池,25,165,15.15
2025-09-05T12:41:43.775088+08:00,XYSC,信義運動中心,健身房,27,65,41.54
2025-09-05T12:41:43.775088+08:00,ZSSC,中山運動中心,游泳池,33,150,22.00
2025-09-05T12:41:43.775088+08:00,ZSSC,中山運動中心,健身房,31,50,62.00
2025-09-05T12:50:55.365148+08:00,BTSC,北投運動中心,游泳池,0,200,0.00
2025-09-05T12:50:55.365148+08:00,BTSC,北投運動中心,健身房,42,60,70.00
2025-09-05T12:50:55.365148+08:00,DASC,大安運動中心,游泳池,66,250,26.40
2025-09-05T12:50:55.365148+08:00,DASC,大安運動中心,健身房,29,80,36.25
2025-09-05T12:50:55.365148+08:00,DTSC,大同運動中心,游泳池,20,250,8.00
2025-09-05T12:50:55.365148+08:00,DTSC,大同運動中心,健身房,20,90,22.22
2025-09-05T12:50:55.365148+08:00,JJSC,中正運動中心,游泳池,41,200,20.50
2025-09-05T12:50:55.365148+08:00,JJSC,中正運動中心,健身房,72,120,60.00
2025-09-05T12:50:55.365148+08:00,NHSC,內湖運動中心,游泳池,48,200,24.00
2025-09-05T12:50:55.365148+08:00,NHSC,內湖運動中心,健身房,60,130,46.15
2025-09-05T12:50:55.365148+08:00,SLSC,士林運動中心,游泳池,32,200,16.00
2025-09-05T12:50:55.365148+08:00,SLSC,士林運動中心,健身房,34,100,34.00
2025-09-05T12:50:55.365148+08:00,SSSC,松山運動中心,游泳池,108,400,27.00
2025-09-05T12:50:55.365148+08:00,SSSC,松山運動中心,健身房,28,100,28.00
2025-09-05T12:50:55.365148+08:00,WHSC,萬華運動中心,游泳池,23,100,23.00
2025-09-05T12:50:55.365148+08:00,WHSC,萬華運動中心,健身房,28,150,18.67
2025-09-05T12:50:55.365148+08:00,WSSC,文山運動中心,游泳池,43,200,21.50
2025-09-05T12:50:55.365148+08:00,WSSC,文山運動中心,健身房,16,110,14.55
2025-09-05T12:50:55.365148+08:00,XYSC,信義運動中心,游泳池,26,165,15.76
2025-09-05T12:50:55.365148+08:00,XYSC,信義運動中心,健身房,25,65,38.46
2025-09-05T12:50:55.365148+08:00,ZSSC,中山運動中心,游泳池,33,150,22.00
2025-09-05T12:50:55.365148+08:00,ZSSC,中山運動中心,健身房,30,50,60.00
2025-09-05T13:01:33.458465+08:00,BTSC,北投運動中心,游泳池,0,200,0.00
2025-09-05T13:01:33.458465+08:00,BTSC,北投運動中心,健身房,41,60,68.33
2025-09-05T13:01:33.458465+08:00,DASC,大安運動中心,游泳池,58,250,23.20
2025-09-05T13:01:33.458465+08:00,DASC,大安運動中心,健身房,24,80,30.00
2025-09-05T13:01:33.458465+08:00,DTSC,大同運動中心,游泳池,22,250,8.80
2025-09-05T13:01:33.458465+08:00,DTSC,大同運動中心,健身房,24,90,26.67
2025-09-05T13:01:33.458465+08:00,JJSC,中正運動中心,游泳池,32,200,16.00
2025-09-05T13:01:33.458465+08:00,JJSC,中正運動中心,健身房,58,120,48.33
2025-09-05T13:01:33.458465+08:00,NHSC,內湖運動中心,游泳池,41,200,20.50
2025-09-05T13:01:33.458465+08:00,NHSC,內湖運動中心,健身房,45,130,34.62
2025-09-05T13:01:33.458465+08:00,SLSC,士林運動中心,游泳池,27,200,13.50
2025-09-05T13:01:33.458465+08:00,SLSC,士林運動中心,健身房,29,100,29.00
2025-09-05T13:01:33.458465+08:00,SSSC,松山運動中心,游泳池,109,400,27.25
2025-09-05T13:01:33.458465+08:00,SSSC,松山運動中心,健身房,29,100,29.00
2025-09-05T13:01:33.458465+08:00,WHSC,萬華運動中心,游泳池,21,100,21.00
2025-09-05T13:01:33.458465+08:00,WHSC,萬華運動中心,健身房,22,150,14.67
2025-09-05T13:01:33.458465+08:00,WSSC,文山運動中心,游泳池,38,200,19.00
2025-09-05T13:01:33.458465+08:00,WSSC,文山運動中心,健身房,14,110,12.73
2025-09-05T13:01:33.458465+08:00,XYSC,信義運動中心,游泳池,23,165,13.94
2025-09-05T13:01:33.458465+08:00,XYSC,信義運動中心,健身房,25,65,38.46
2025-09-05T13:01:33.458465+08:00,ZSSC,中山運動中心,游泳池,33,150,22.00
2025-09-05T13:01:33.458465+08:00,ZSSC,中山運動中心,健身房,22,50,44.00
2025-09-05T13:26:07.629199+08:00,BTSC,北投運動中心,游泳池,0,200,0.00
2025-09-05T13:26:07.629199+08:00,BTSC,北投運動中心,健身房,45,60,75.00
2025-09-05T13:26:07.629199+08:00,DASC,大安運動中心,游泳池,38,250,15.20
2025-09-05T13:26:07.629199+08:00,DASC,大安運動中心,健身房,19,80,23.75
2025-09-05T13:26:07.629199+08:00,DTSC,大同運動中心,游泳池,26,250,10.40
2025-09-05T13:26:07.629199+08:00,DTSC,大同運動中心,健身房,19,90,21.11
2025-09-05T13:26:07.629199+08:00,JJSC,中正運動中心,游泳池,17,200,8.50
2025-09-05T13:26:07.629199+08:00,JJSC,中正運動中心,健身房,24,120,20.00
2025-09-05T13:26:07.629199+08:00,NHSC,內湖運動中心,游泳池,36,200,18.00
2025-09-05T13:26:07.629199+08:00,NHSC,內湖運動中心,健身房,25,130,19.23
2025-09-05T13:26:07.629199+08:00,SLSC,士林運動中心,游泳池,28,200,14.00
2025-09-05T13:26:07.629199+08:00,SLSC,士林運動中心,健身房,25,100,25.00
2025-09-05T13:26:07.629199+08:00,SSSC,松山運動中心,游泳池,98,400,24.50
2025-09-05T13:26:07.629199+08:00,SSSC,松山運動中心,健身房,25,100,25.00
2025-09-05T13:26:07.629199+08:00,WHSC,萬華運動中心,游泳池,19,100,19.00
2025-09-05T13:26:07.629199+08:00,WHSC,萬華運動中心,健身房,39,150,26.00
2025-09-05T13:26:07.629199+08:00,WSSC,文山運動中心,游泳池,33,200,16.50
2025-09-05T13:26:07.629199+08:00,WSSC,文山運動中心,健身房,14,110,12.73
2025-09-05T13:26:07.629199+08:00,XYSC,信義運動中心,游泳池,14,165,8.48
2025-09-05T13:26:07.629199+08:00,XYSC,信義運動中心,健身房,13,65,20.00
2025-09-05T13:26:07.629199+08:00,ZSSC,中山運動中心,游泳池,25,150,16.67
2025-09-05T13:26:07.629199+08:00,ZSSC,中山運動中心,健身房,7,50,14.00
2025-09-05T13:40:04.264370+08:00,BTSC,北投運動中心,游泳池,6,200,3.00
2025-09-05T13:40:04.264370+08:00,BTSC,北投運動中心,健身房,46,60,76.67
2025-09-05T13:40:04.264370+08:00,DASC,大安運動中心,游泳池,30,250,12.00
2025-09-05T13:40:04.264370+08:00,DASC,大安運動中心,健身房,20,80,25.00
2025-09-05T13:40:04.264370+08:00,DTSC,大同運動中心,游泳池,21,250,8.40
2025-09-05T13:40:04.264370+08:00,DTSC,大同運動中心,健身房,20,90,22.22
2025-09-05T13:40:04.264370+08:00,JJSC,中正運動中心,游泳池,39,200,19.50
2025-09-05T13:40:04.264370+08:00,JJSC,中正運動中心,健身房,30,120,25.00
2025-09-05T13:40:04.264370+08:00,NHSC,內湖運動中心,游泳池,30,200,15.00
2025-09-05T13:40:04.264370+08:00,NHSC,內湖運動中心,健身房,23,130,17.69
2025-09-05T13:40:04.264370+08:00,SLSC,士林運動中心,游泳池,23,200,11.50
2025-09-05T13:40:04.264370+08:00,SLSC,士林運動中心,健身房,25,100,25.00
2025-09-05T13:40:04.264370+08:00,SSSC,松山運動中心,游泳池,99,400,24.75
2025-09-05T13:40:04.264370+08:00,SSSC,松山運動中心,健身房,22,100,22.00
2025-09-05T13:40:04.264370+08:00,WHSC,萬華運動中心,游泳池,17,100,17.00
2025-09-05T13:40:04.264370+08:00,WHSC,萬華運動中心,健身房,39,150,26.00
2025-09-05T13:40:04.264370+08:00,WSSC,文山運動中心,游泳池,28,200,14.00
2025-09-05T13:40:04.264370+08:00,WSSC,文山運動中心,健身房,15,110,13.64
2025-09-05T13:40:04.264370+08:00,XYSC,信義運動中心,游泳池,12,165,7.27
2025-09-05T13:40:04.264370+08:00,XYSC,信義運動中心,健身房,13,65,20.00
2025-09-05T13:40:04.264370+08:00,ZSSC,中山運動中心,游泳池,24,150,16.00
2025-09-05T13:40:04.264370+08:00,ZSSC,中山運動中心,健身房,7,50,14.00
2025-09-05T13:49:27.331561+08:00,BTSC,北投運動中心,游泳池,5,200,2.50
2025-09-05T13:49:27.331561+08:00,BTSC,北投運動中心,健身房,50,60,83.33
2025-09-05T13:49:27.331561+08:00,DASC,大安運動中心,游泳池,28,250,11.20
2025-09-05T13:49:27.331561+08:00,DASC,大安運動中心,健身房,17,80,21.25
2025-09-05T13:49:27.331561+08:00,DTSC,大同運動中心,游泳池,22,250,8.80
2025-09-05T13:49:27.331561+08:00,DTSC,大同運動中心,健身房,20,90,22.22
2025-09-05T13:49:27.331561+08:00,JJSC,中正運動中心,游泳池,38,200,19.00
2025-09-05T13:49:27.331561+08:00,JJSC,中正運動中心,健身房,29,120,24.17
2025-09-05T13:49:27.331561+08:00,NHSC,內湖運動中心,游泳池,27,200,13.50
2025-09-05T13:49:27.331561+08:00,NHSC,內湖運動中心,健身房,27,130,20.77
2025-09-05T13:49:27.331561+08:00,SLSC,士林運動中心,游泳池,23,200,11.50
2025-09-05T13:49:27.331561+08:00,SLSC,士林運動中心,健身房,25,100,25.00
2025-09-05T13:49:27.331561+08:00,SSSC,松山運動中心,游泳池,95,400,23.75
2025-09-05T13:49:27.331561+08:00,SSSC,松山運動中心,健身房,21,100,21.00
2025-09-05T13:49:27.331561+08:00,WHSC,萬華運動中心,游泳池,18,100,18.00
2025-09-05T13:49:27.331561+08:00,WHSC,萬華運動中心,健身房,40,150,26.67
2025-09-05T13:49:27.331561+08:00,WSSC,文山運動中心,游泳池,25,200,12.50
2025-09-05T13:49:27.331561+08:00,WSSC,文山運動中心,健身房,14,110,12.73
2025-09-05T13:49:27.331561+08:00,XYSC,信義運動中心,游泳池,1,165,0.61
2025-09-05T13:49:27.331561+08:00,XYSC,信義運動中心,健身房,14,65,21.54
2025-09-05T13:49:27.331561+08:00,ZSSC,中山運動中心,游泳池,24,150,16.00
2025-09-05T13:49:27.331561+08:00,ZSSC,中山運動中心,健身房,8,50,16.00
2025-09-05T14:00:14.415263+08:00,BTSC,北投運動中心,游泳池,2,200,1.00
2025-09-05T14:00:14.415263+08:00,BTSC,北投運動中心,健身房,50,60,83.33
2025-09-05T14:00:14.415263+08:00,DASC,大安運動中心,游泳池,25,250,10.00
2025-09-05T14:00:14.415263+08:00,DASC,大安運動中心,健身房,19,80,23.75
2025-09-05T14:00:14.415263+08:00,DTSC,大同運動中心,游泳池,20,250,8.00
2025-09-05T14:00:14.415263+08:00,DTSC,大同運動中心,健身房,21,90,23.33
2025-09-05T14:00:14.415263+08:00,JJSC,中正運動中心,游泳池,32,200,16.00
2025-09-05T14:00:14.415263+08:00,JJSC,中正運動中心,健身房,33,120,27.50
2025-09-05T14:00:14.415263+08:00,NHSC,內湖運動中心,游泳池,25,200,12.50
2025-09-05T14:00:14.415263+08:00,NHSC,內湖運動中心,健身房,31,130,23.85
2025-09-05T14:00:14.415263+08:00,SLSC,士林運動中心,游泳池,21,200,10.50
2025-09-05T14:00:14.415263+08:00,SLSC,士林運動中心,健身房,27,100,27.00
2025-09-05T14:00:14.415263+08:00,SSSC,松山運動中心,游泳池,87,400,21.75
2025-09-05T14:00:14.415263+08:00,SSSC,松山運動中心,健身房,18,100,18.00
2025-09-05T14:00:14.415263+08:00,WHSC,萬華運動中心,游泳池,18,100,18.00
2025-09-05T14:00:14.415263+08:00,WHSC,萬華運動中心,健身房,41,150,27.33
2025-09-05T14:00:14.415263+08:00,WSSC,文山運動中心,游泳池,24,200,12.00
2025-09-05T14:00:14.415263+08:00,WSSC,文山運動中心,健身房,18,110,16.36
2025-09-05T14:00:14.415263+08:00,XYSC,信義運動中心,游泳池,2,165,1.21
2025-09-05T14:00:14.415263+08:00,XYSC,信義運動中心,健身房,16,65,24.62
2025-09-05T14:00:14.415263+08:00,ZSSC,中山運動中心,游泳池,21,150,14.00
2025-09-05T14:00:14.415263+08:00,ZSSC,中山運動中心,健身房,8,50,16.00
2025-09-05T14:36:33.782643+08:00,BTSC,北投運動中心,游泳池,32,200,16.00
2025-09-05T14:36:33.782643+08:00,BTSC,北投運動中心,健身房,58,60,96.67
2025-09-05T14:36:33.782643+08:00,DASC,大安運動中心,游泳池,112,250,44.80
2025-09-05T14:36:33.782643+08:00,DASC,大安運動中心,健身房,34,80,42.50
2025-09-05T14:36:33.782643+08:00,DTSC,大同運動中心,游泳池,59,250,23.60
2025-09-05T14:36:33.782643+08:00,DTSC,大同運動中心,健身房,44,90,48.89
2025-09-05T14:36:33.782643+08:00,JJSC,中正運動中心,游泳池,69,200,34.50
2025-09-05T14:36:33.782643+08:00,JJSC,中正運動中心,健身房,45,120,37.50
2025-09-05T14:36:33.782643+08:00,NHSC,內湖運動中心,游泳池,77,200,38.50
2025-09-05T14:36:33.782643+08:00,NHSC,內湖運動中心,健身房,54,130,41.54
2025-09-05T14:36:33.782643+08:00,SLSC,士林運動中心,游泳池,71,200,35.50
2025-09-05T14:36:33.782643+08:00,SLSC,士林運動中心,健身房,42,100,42.00
2025-09-05T14:36:33.782643+08:00,SSSC,松山運動中心,游泳池,136,400,34.00
2025-09-05T14:36:33.782643+08:00,SSSC,松山運動中心,健身房,38,100,38.00
2025-09-05T14:36:33.782643+08:00,WHSC,萬華運動中心,游泳池,38,100,38.00
2025-09-05T14:36:33.782643+08:00,WHSC,萬華運動中心,健身房,46,150,30.67
2025-09-05T14:36:33.782643+08:00,WSSC,文山運動中心,游泳池,72,200,36.00
2025-09-05T14:36:33.782643+08:00,WSSC,文山運動中心,健身房,31,110,28.18
2025-09-05T14:36:33.782643+08:00,XYSC,信義運動中心,游泳池,29,165,17.58
2025-09-05T14:36:33.782643+08:00,XYSC,信義運動中心,健身房,30,65,46.15
2025-09-05T14:36:33.782643+08:00,ZSSC,中山運動中心,游泳池,56,150,37.33
2025-09-05T14:36:33.782643+08:00,ZSSC,中山運動中心,健身房,25,50,50.00
2025-09-05T14:52:24.331051+08:00,BTSC,北投運動中心,游泳池,38,200,19.00
2025-09-05T14:52:24.331051+08:00,BTSC,北投運動中心,健身房,59,60,98.33
2025-09-05T14:52:24.331051+08:00,DASC,大安運動中心,游泳池,122,250,48.80
2025-09-05T14:52:24.331051+08:00,DASC,大安運動中心,健身房,38,80,47.50
2025-09-05T14:52:24.331051+08:00,DTSC,大同運動中心,游泳池,52,250,20.80
2025-09-05T14:52:24.331051+08:00,DTSC,大同運動中心,健身房,46,90,51.11
2025-09-05T14:52:24.331051+08:00,JJSC,中正運動中心,游泳池,85,200,42.50
2025-09-05T14:52:24.331051+08:00,JJSC,中正運動中心,健身房,53,120,44.17
2025-09-05T14:52:24.331051+08:00,NHSC,內湖運動中心,游泳池,81,200,40.50
2025-09-05T14:52:24.331051+08:00,NHSC,內湖運動中心,健身房,54,130,41.54
2025-09-05T14:52:24.331051+08:00,SLSC,士林運動中心,游泳池,76,200,38.00
2025-09-05T14:52:24.331051+08:00,SLSC,士林運動中心,健身房,52,100,52.00
2025-09-05T14:52:24.331051+08:00,SSSC,松山運動中心,游泳池,136,400,34.00
2025-09-05T14:52:24.331051+08:00,SSSC,松山運動中心,健身房,48,100,48.00
2025-09-05T14:52:24.331051+08:00,WHSC,萬華運動中心,游泳池,38,100,38.00
2025-09-05T14:52:24.331051+08:00,WHSC,萬華運動中心,健身房,42,150,28.00
2025-09-05T14:52:24.331051+08:00,WSSC,文山運動中心,游泳池,77,200,38.50
2025-09-05T14:52:24.331051+08:00,WSSC,文山運動中心,健身房,39,110,35.45
2025-09-05T14:52:24.331051+08:00,XYSC,信義運動中心,游泳池,38,165,23.03
2025-09-05T14:52:24.331051+08:00,XYSC,信義運動中心,健身房,32,65,49.23
2025-09-05T14:52:24.331051+08:00,ZSSC,中山運動中心,游泳池,62,150,41.33
2025-09-05T14:52:24.331051+08:00,ZSSC,中山運動中心,健身房,34,50,68.00
2025-09-05T15:12:06.622582+08:00,BTSC,北投運動中心,游泳池,47,200,23.50
2025-09-05T15:12:06.622582+08:00,BTSC,北投運動中心,健身房,53,60,88.33
2025-09-05T15:12:06.622582+08:00,DASC,大安運動中心,游泳池,121,250,48.40
2025-09-05T15:12:06.622582+08:00,DASC,大安運動中心,健身房,40,80,50.00
2025-09-05T15:12:06.622582+08:00,DTSC,大同運動中心,游泳池,50,250,20.00
2025-09-05T15:12:06.622582+08:00,DTSC,大同運動中心,健身房,47,90,52.22
2025-09-05T15:12:06.622582+08:00,JJSC,中正運動中心,游泳池,88,200,44.00
2025-09-05T15:12:06.622582+08:00,JJSC,中正運動中心,健身房,63,120,52.50
2025-09-05T15:12:06.622582+08:00,NHSC,內湖運動中心,游泳池,88,200,44.00
2025-09-05T15:12:06.622582+08:00,NHSC,內湖運動中心,健身房,50,130,38.46
2025-09-05T15:12:06.622582+08:00,SLSC,士林運動中心,游泳池,75,200,37.50
2025-09-05T15:12:06.622582+08:00,SLSC,士林運動中心,健身房,57,100,57.00
2025-09-05T15:12:06.622582+08:00,SSSC,松山運動中心,游泳池,129,400,32.25
2025-09-05T15:12:06.622582+08:00,SSSC,松山運動中心,健身房,49,100,49.00
2025-09-05T15:12:06.622582+08:00,WHSC,萬華運動中心,游泳池,40,100,40.00
2025-09-05T15:12:06.622582+08:00,WHSC,萬華運動中心,健身房,33,150,22.00
2025-09-05T15:12:06.622582+08:00,WSSC,文山運動中心,游泳池,78,200,39.00
2025-09-05T15:12:06.622582+08:00,WSSC,文山運動中心,健身房,38,110,34.55
2025-09-05T15:12:06.622582+08:00,XYSC,信義運動中心,游泳池,44,165,26.67
2025-09-05T15:12:06.622582+08:00,XYSC,信義運動中心,健身房,29,65,44.62
2025-09-05T15:12:06.622582+08:00,ZSSC,中山運動中心,游泳池,67,150,44.67
2025-09-05T15:12:06.622582+08:00,ZSSC,中山運動中心,健身房,32,50,64.00
2025-09-05T15:29:47.711654+08:00,BTSC,北投運動中心,游泳池,35,200,17.50
2025-09-05T15:29:47.711654+08:00,BTSC,北投運動中心,健身房,53,60,88.33
2025-09-05T15:29:47.711654+08:00,DASC,大安運動中心,游泳池,109,250,43.60
2025-09-05T15:29:47.711654+08:00,DASC,大安運動中心,健身房,40,80,50.00
2025-09-05T15:29:47.711654+08:00,DTSC,大同運動中心,游泳池,40,250,16.00
2025-09-05T15:29:47.711654+08:00,DTSC,大同運動中心,健身房,50,90,55.56
2025-09-05T15:29:47.711654+08:00,JJSC,中正運動中心,游泳池,83,200,41.50
2025-09-05T15:29:47.711654+08:00,JJSC,中正運動中心,健身房,57,120,47.50
2025-09-05T15:29:47.711654+08:00,NHSC,內湖運動中心,游泳池,92,200,46.00
2025-09-05T15:29:47.711654+08:00,NHSC,內湖運動中心,健身房,44,130,33.85
2025-09-05T15:29:47.711654+08:00,SLSC,士林運動中心,游泳池,78,200,39.00
2025-09-05T15:29:47.711654+08:00,SLSC,士林運動中心,健身房,60,100,60.00
2025-09-05T15:29:47.711654+08:00,SSSC,松山運動中心,游泳池,132,400,33.00
2025-09-05T15:29:47.711654+08:00,SSSC,松山運動中心,健身房,47,100,47.00
2025-09-05T15:29:47.711654+08:00,WHSC,萬華運動中心,游泳池,40,100,40.00
2025-09-05T15:29:47.711654+08:00,WHSC,萬華運動中心,健身房,38,150,25.33
2025-09-05T15:29:47.711654+08:00,WSSC,文山運動中心,游泳池,72,200,36.00
2025-09-05T15:29:47.711654+08:00,WSSC,文山運動中心,健身房,37,110,33.64
2025-09-05T15:29:47.711654+08:00,XYSC,信義運動中心,游泳池,52,165,31.52
2025-09-05T15:29:47.711654+08:00,XYSC,信義運動中心,健身房,34,65,52.31
2025-09-05T15:29:47.711654+08:00,ZSSC,中山運動中心,游泳池,61,150,40.67
2025-09-05T15:29:47.711654+08:00,ZSSC,中山運動中心,健身房,27,50,54.00
2025-09-05T15:39:57.317048+08:00,BTSC,北投運動中心,游泳池,34,200,17.00
2025-09-05T15:39:57.317048+08:00,BTSC,北投運動中心,健身房,53,60,88.33
2025-09-05T15:39:57.317048+08:00,DASC,大安運動中心,游泳池,99,250,39.60
2025-09-05T15:39:57.317048+08:00,DASC,大安運動中心,健身房,42,80,52.50
2025-09-05T15:39:57.317048+08:00,DTSC,大同運動中心,游泳池,35,250,14.00
2025-09-05T15:39:57.317048+08:00,DTSC,大同運動中心,健身房,47,90,52.22
2025-09-05T15:39:57.317048+08:00,JJSC,中正運動中心,游泳池,90,200,45.00
2025-09-05T15:39:57.317048+08:00,JJSC,中正運動中心,健身房,60,120,50.00
2025-09-05T15:39:57.317048+08:00,NHSC,內湖運動中心,游泳池,82,200,41.00
2025-09-05T15:39:57.317048+08:00,NHSC,內湖運動中心,健身房,47,130,36.15
2025-09-05T15:39:57.317048+08:00,SLSC,士林運動中心,游泳池,74,200,37.00
2025-09-05T15:39:57.317048+08:00,SLSC,士林運動中心,健身房,49,100,49.00
2025-09-05T15:39:57.317048+08:00,SSSC,松山運動中心,游泳池,132,400,33.00
2025-09-05T15:39:57.317048+08:00,SSSC,松山運動中心,健身房,50,100,50.00
2025-09-05T15:39:57.317048+08:00,WHSC,萬華運動中心,游泳池,36,100,36.00
2025-09-05T15:39:57.317048+08:00,WHSC,萬華運動中心,健身房,41,150,27.33
2025-09-05T15:39:57.317048+08:00,WSSC,文山運動中心,游泳池,67,200,33.50
2025-09-05T15:39:57.317048+08:00,WSSC,文山運動中心,健身房,36,110,32.73
2025-09-05T15:39:57.317048+08:00,XYSC,信義運動中心,游泳池,45,165,27.27
2025-09-05T15:39:57.317048+08:00,XYSC,信義運動中心,健身房,31,65,47.69
2025-09-05T15:39:57.317048+08:00,ZSSC,中山運動中心,游泳池,59,150,39.33
2025-09-05T15:39:57.317048+08:00,ZSSC,中山運動中心,健身房,25,50,50.00
2025-09-05T15:52:50.433575+08:00,BTSC,北投運動中心,游泳池,35,200,17.50
2025-09-05T15:52:50.433575+08:00,BTSC,北投運動中心,健身房,54,60,90.00
2025-09-05T15:52:50.433575+08:00,DASC,大安運動中心,游泳池,86,250,34.40
2025-09-05T15:52:50.433575+08:00,DASC,大安運動中心,健身房,46,80,57.50
2025-09-05T15:52:50.433575+08:00,DTSC,大同運動中心,游泳池,23,250,9.20
2025-09-05T15:52:50.433575+08:00,DTSC,大同運動中心,健身房,41,90,45.56
2025-09-05T15:52:50.433575+08:00,JJSC,中正運動中心,游泳池,84,200,42.00
2025-09-05T15:52:50.433575+08:00,JJSC,中正運動中心,健身房,59,120,49.17
2025-09-05T15:52:50.433575+08:00,NHSC,內湖運動中心,游泳池,80,200,40.00
2025-09-05T15:52:50.433575+08:00,NHSC,內湖運動中心,健身房,48,130,36.92
2025-09-05T15:52:50.433575+08:00,SLSC,士林運動中心,游泳池,71,200,35.50
2025-09-05T15:52:50.433575+08:00,SLSC,士林運動中心,健身房,42,100,42.00
2025-09-05T15:52:50.433575+08:00,SSSC,松山運動中心,游泳池,125,400,31.25
2025-09-05T15:52:50.433575+08:00,SSSC,松山運動中心,健身房,44,100,44.00
2025-09-05T15:52:50.433575+08:00,WHSC,萬華運動中心,游泳池,29,100,29.00
2025-09-05T15:52:50.433575+08:00,WHSC,萬華運動中心,健身房,42,150,28.00
2025-09-05T15:52:50.433575+08:00,WSSC,文山運動中心,游泳池,56,200,28.00
2025-09-05T15:52:50.433575+08:00,WSSC,文山運動中心,健身房,34,110,30.91
2025-09-05T15:52:50.433575+08:00,XYSC,信義運動中心,游泳池,33,165,20.00
2025-09-05T15:52:50.433575+08:00,XYSC,信義運動中心,健身房,36,65,55.38
2025-09-05T15:52:50.433575+08:00,ZSSC,中山運動中心,游泳池,53,150,35.33
2025-09-05T15:52:50.433575+08:00,ZSSC,中山運動中心,健身房,22,50,44.00
2025-09-05T16:01:06.687605+08:00,BTSC,北投運動中心,游泳池,29,200,14.50
2025-09-05T16:01:06.687605+08:00,BTSC,北投運動中心,健身房,50,60,83.33
2025-09-05T16:01:06.687605+08:00,DASC,大安運動中心,游泳池,60,250,24.00
2025-09-05T16:01:06.687605+08:00,DASC,大安運動中心,健身房,35,80,43.75
2025-09-05T16:01:06.687605+08:00,DTSC,大同運動中心,游泳池,16,250,6.40
2025-09-05T16:01:06.687605+08:00,DTSC,大同運動中心,健身房,40,90,44.44
2025-09-05T16:01:06.687605+08:00,JJSC,中正運動中心,游泳池,87,200,43.50
2025-09-05T16:01:06.687605+08:00,JJSC,中正運動中心,健身房,60,120,50.00
2025-09-05T16:01:06.687605+08:00,NHSC,內湖運動中心,游泳池,83,200,41.50
2025-09-05T16:01:06.687605+08:00,NHSC,內湖運動中心,健身房,43,130,33.08
2025-09-05T16:01:06.687605+08:00,SLSC,士林運動中心,游泳池,66,200,33.00
2025-09-05T16:01:06.687605+08:00,SLSC,士林運動中心,健身房,27,100,27.00
2025-09-05T16:01:06.687605+08:00,SSSC,松山運動中心,游泳池,123,400,30.75
2025-09-05T16:01:06.687605+08:00,SSSC,松山運動中心,健身房,37,100,37.00
2025-09-05T16:01:06.687605+08:00,WHSC,萬華運動中心,游泳池,27,100,27.00
2025-09-05T16:01:06.687605+08:00,WHSC,萬華運動中心,健身房,32,150,21.33
2025-09-05T16:01:06.687605+08:00,WSSC,文山運動中心,游泳池,57,200,28.50
2025-09-05T16:01:06.687605+08:00,WSSC,文山運動中心,健身房,27,110,24.55
2025-09-05T16:01:06.687605+08:00,XYSC,信義運動中心,游泳池,29,165,17.58
2025-09-05T16:01:06.687605+08:00,XYSC,信義運動中心,健身房,33,65,50.77
2025-09-05T16:01:06.687605+08:00,ZSSC,中山運動中心,游泳池,53,150,35.33
2025-09-05T16:01:06.687605+08:00,ZSSC,中山運動中心,健身房,15,50,30.00
2025-09-05T16:33:25.873693+08:00,BTSC,北投運動中心,游泳池,16,200,8.00
2025-09-05T16:33:25.873693+08:00,BTSC,北投運動中心,健身房,49,60,81.67
2025-09-05T16:33:25.873693+08:00,DASC,大安運動中心,游泳池,30,250,12.00
2025-09-05T16:33:25.873693+08:00,DASC,大安運動中心,健身房,24,80,30.00
2025-09-05T16:33:25.873693+08:00,DTSC,大同運動中心,游泳池,0,250,0.00
2025-09-05T16:33:25.873693+08:00,DTSC,大同運動中心,健身房,35,90,38.89
2025-09-05T16:33:25.873693+08:00,JJSC,中正運動中心,游泳池,61,200,30.50
2025-09-05T16:33:25.873693+08:00,JJSC,中正運動中心,健身房,58,120,48.33
2025-09-05T16:33:25.873693+08:00,NHSC,內湖運動中心,游泳池,62,200,31.00
2025-09-05T16:33:25.873693+08:00,NHSC,內湖運動中心,健身房,51,130,39.23
2025-09-05T16:33:25.873693+08:00,SLSC,士林運動中心,游泳池,44,200,22.00
2025-09-05T16:33:25.873693+08:00,SLSC,士林運動中心,健身房,30,100,30.00
2025-09-05T16:33:25.873693+08:00,SSSC,松山運動中心,游泳池,105,400,26.25
2025-09-05T16:33:25.873693+08:00,SSSC,松山運動中心,健身房,47,100,47.00
2025-09-05T16:33:25.873693+08:00,WHSC,萬華運動中心,游泳池,22,100,22.00
2025-09-05T16:33:25.873693+08:00,WHSC,萬華運動中心,健身房,35,150,23.33
2025-09-05T16:33:25.873693+08:00,WSSC,文山運動中心,游泳池,26,200,13.00
2025-09-05T16:33:25.873693+08:00,WSSC,文山運動中心,健身房,31,110,28.18
2025-09-05T16:33:25.873693+08:00,XYSC,信義運動中心,游泳池,18,165,10.91
2025-09-05T16:33:25.873693+08:00,XYSC,信義運動中心,健身房,36,65,55.38
2025-09-05T16:33:25.873693+08:00,ZSSC,中山運動中心,游泳池,38,150,25.33
2025-09-05T16:33:25.873693+08:00,ZSSC,中山運動中心,健身房,14,50,28.00
2025-09-05T16:49:42.210590+08:00,BTSC,北投運動中心,游泳池,10,200,5.00
2025-09-05T16:49:42.210590+08:00,BTSC,北投運動中心,健身房,50,60,83.33
2025-09-05T16:49:42.210590+08:00,DASC,大安運動中心,游泳池,58,250,23.20
2025-09-05T16:49:42.210590+08:00,DASC,大安運動中心,健身房,22,80,27.50
2025-09-05T16:49:42.210590+08:00,DTSC,大同運動中心,游泳池,4,250,1.60
2025-09-05T16:49:42.210590+08:00,DTSC,大同運動中心,健身房,38,90,42.22
2025-09-05T16:49:42.210590+08:00,JJSC,中正運動中心,游泳池,52,200,26.00
2025-09-05T16:49:42.210590+08:00,JJSC,中正運動中心,健身房,64,120,53.33
2025-09-05T16:49:42.210590+08:00,NHSC,內湖運動中心,游泳池,59,200,29.50
2025-09-05T16:49:42.210590+08:00,NHSC,內湖運動中心,健身房,61,130,46.92
2025-09-05T16:49:42.210590+08:00,SLSC,士林運動中心,游泳池,53,200,26.50
2025-09-05T16:49:42.210590+08:00,SLSC,士林運動中心,健身房,38,100,38.00
2025-09-05T16:49:42.210590+08:00,SSSC,松山運動中心,游泳池,104,400,26.00
2025-09-05T16:49:42.210590+08:00,SSSC,松山運動中心,健身房,52,100,52.00
2025-09-05T16:49:42.210590+08:00,WHSC,萬華運動中心,游泳池,28,100,28.00
2025-09-05T16:49:42.210590+08:00,WHSC,萬華運動中心,健身房,32,150,21.33
2025-09-05T16:49:42.210590+08:00,WSSC,文山運動中心,游泳池,53,200,26.50
2025-09-05T16:49:42.210590+08:00,WSSC,文山運動中心,健身房,30,110,27.27
2025-09-05T16:49:42.210590+08:00,XYSC,信義運動中心,游泳池,12,165,7.27
2025-09-05T16:49:42.210590+08:00,XYSC,信義運動中心,健身房,38,65,58.46
2025-09-05T16:49:42.210590+08:00,ZSSC,中山運動中心,游泳池,32,150,21.33
2025-09-05T16:49:42.210590+08:00,ZSSC,中山運動中心,健身房,21,50,42.00
2025-09-05T16:59:38.477840+08:00,BTSC,北投運動中心,游泳池,7,200,3.50
2025-09-05T16:59:38.477840+08:00,BTSC,北投運動中心,健身房,54,60,90.00
2025-09-05T16:59:38.477840+08:00,DASC,大安運動中心,游泳池,69,250,27.60
2025-09-05T16:59:38.477840+08:00,DASC,大安運動中心,健身房,18,80,22.50
2025-09-05T16:59:38.477840+08:00,DTSC,大同運動中心,游泳池,11,250,4.40
2025-09-05T16:59:38.477840+08:00,DTSC,大同運動中心,健身房,42,90,46.67
2025-09-05T16:59:38.477840+08:00,JJSC,中正運動中心,游泳池,58,200,29.00
2025-09-05T16:59:38.477840+08:00,JJSC,中正運動中心,健身房,60,120,50.00
2025-09-05T16:59:38.477840+08:00,NHSC,內湖運動中心,游泳池,51,200,25.50
2025-09-05T16:59:38.477840+08:00,NHSC,內湖運動中心,健身房,66,130,50.77
2025-09-05T16:59:38.477840+08:00,SLSC,士林運動中心,游泳池,75,200,37.50
2025-09-05T16:59:38.477840+08:00,SLSC,士林運動中心,健身房,40,100,40.00
2025-09-05T16:59:38.477840+08:00,SSSC,松山運動中心,游泳池,124,400,31.00
2025-09-05T16:59:38.477840+08:00,SSSC,松山運動中心,健身房,53,100,53.00
2025-09-05T16:59:38.477840+08:00,WHSC,萬華運動中心,游泳池,29,100,29.00
2025-09-05T16:59:38.477840+08:00,WHSC,萬華運動中心,健身房,35,150,23.33
2025-09-05T16:59:38.477840+08:00,WSSC,文山運動中心,游泳池,58,200,29.00
2025-09-05T16:59:38.477840+08:00,WSSC,文山運動中心,健身房,29,110,26.36
2025-09-05T16:59:38.477840+08:00,XYSC,信義運動中心,游泳池,14,165,8.48
2025-09-05T16:59:38.477840+08:00,XYSC,信義運動中心,健身房,37,65,56.92
2025-09-05T16:59:38.477840+08:00,ZSSC,中山運動中心,游泳池,51,150,34.00
2025-09-05T16:59:38.477840+08:00,ZSSC,中山運動中心,健身房,22,50,44.00
2025-09-05T17:26:46.058308+08:00,BTSC,北投運動中心,游泳池,0,200,0.00
2025-09-05T17:26:46.058308+08:00,BTSC,北投運動中心,健身房,59,60,98.33
2025-09-05T17:26:46.058308+08:00,DASC,大安運動中心,游泳池,95,250,38.00
2025-09-05T17:26:46.058308+08:00,DASC,大安運動中心,健身房,34,80,42.50
2025-09-05T17:26:46.058308+08:00,DTSC,大同運動中心,游泳池,6,250,2.40
2025-09-05T17:26:46.058308+08:00,DTSC,大同運動中心,健身房,49,90,54.44
2025-09-05T17:26:46.058308+08:00,JJSC,中正運動中心,游泳池,41,200,20.50
2025-09-05T17:26:46.058308+08:00,JJSC,中正運動中心,健身房,63,120,52.50
2025-09-05T17:26:46.058308+08:00,NHSC,內湖運動中心,游泳池,46,200,23.00
2025-09-05T17:26:46.058308+08:00,NHSC,內湖運動中心,健身房,73,130,56.15
2025-09-05T17:26:46.058308+08:00,SLSC,士林運動中心,游泳池,83,200,41.50
2025-09-05T17:26:46.058308+08:00,SLSC,士林運動中心,健身房,54,100,54.00
2025-09-05T17:26:46.058308+08:00,SSSC,松山運動中心,游泳池,133,400,33.25
2025-09-05T17:26:46.058308+08:00,SSSC,松山運動中心,健身房,64,100,64.00
2025-09-05T17:26:46.058308+08:00,WHSC,萬華運動中心,游泳池,28,100,28.00
2025-09-05T17:26:46.058308+08:00,WHSC,萬華運動中心,健身房,41,150,27.33
2025-09-05T17:26:46.058308+08:00,WSSC,文山運動中心,游泳池,59,200,29.50
2025-09-05T17:26:46.058308+08:00,WSSC,文山運動中心,健身房,39,110,35.45
2025-09-05T17:26:46.058308+08:00,XYSC,信義運動中心,游泳池,16,165,9.70
2025-09-05T17:26:46.058308+08:00,XYSC,信義運動中心,健身房,27,65,41.54
2025-09-05T17:26:46.058308+08:00,ZSSC,中山運動中心,游泳池,51,150,34.00
2025-09-05T17:26:46.058308+08:00,ZSSC,中山運動中心,健身房,23,50,46.00
2025-09-05T17:40:43.718998+08:00,BTSC,北投運動中心,游泳池,1,200,0.50
2025-09-05T17:40:43.718998+08:00,BTSC,北投運動中心,健身房,58,60,96.67
2025-09-05T17:40:43.718998+08:00,DASC,大安運動中心,游泳池,102,250,40.80
2025-09-05T17:40:43.718998+08:00,DASC,大安運動中心,健身房,36,80,45.00
2025-09-05T17:40:43.718998+08:00,DTSC,大同運動中心,游泳池,8,250,3.20
2025-09-05T17:40:43.718998+08:00,DTSC,大同運動中心,健身房,49,90,54.44
2025-09-05T17:40:43.718998+08:00,JJSC,中正運動中心,游泳池,37,200,18.50
2025-09-05T17:40:43.718998+08:00,JJSC,中正運動中心,健身房,54,120,45.00
2025-09-05T17:40:43.718998+08:00,NHSC,內湖運動中心,游泳池,38,200,19.00
2025-09-05T17:40:43.718998+08:00,NHSC,內湖運動中心,健身房,65,130,50.00
2025-09-05T17:40:43.718998+08:00,SLSC,士林運動中心,游泳池,82,200,41.00
2025-09-05T17:40:43.718998+08:00,SLSC,士林運動中心,健身房,50,100,50.00
2025-09-05T17:40:43.718998+08:00,SSSC,松山運動中心,游泳池,141,400,35.25
2025-09-05T17:40:43.718998+08:00,SSSC,松山運動中心,健身房,68,100,68.00
2025-09-05T17:40:43.718998+08:00,WHSC,萬華運動中心,游泳池,30,100,30.00
2025-09-05T17:40:43.718998+08:00,WHSC,萬華運動中心,健身房,41,150,27.33
2025-09-05T17:40:43.718998+08:00,WSSC,文山運動中心,游泳池,63,200,31.50
2025-09-05T17:40:43.718998+08:00,WSSC,文山運動中心,健身房,30,110,27.27
2025-09-05T17:40:43.718998+08:00,XYSC,信義運動中心,游泳池,29,165,17.58
2025-09-05T17:40:43.718998+08:00,XYSC,信義運動中心,健身房,25,65,38.46
2025-09-05T17:40:43.718998+08:00,ZSSC,中山運動中心,游泳池,50,150,33.33
2025-09-05T17:40:43.718998+08:00,ZSSC,中山運動中心,健身房,27,50,54.00
2025-09-05T17:50:21.923021+08:00,BTSC,北投運動中心,游泳池,1,200,0.50
2025-09-05T17:50:21.923021+08:00,BTSC,北投運動中心,健身房,50,60,83.33
2025-09-05T17:50:21.923021+08:00,DASC,大安運動中心,游泳池,95,250,38.00
2025-09-05T17:50:21.923021+08:00,DASC,大安運動中心,健身房,39,80,48.75
2025-09-05T17:50:21.923021+08:00,DTSC,大同運動中心,游泳池,0,250,0.00
2025-09-05T17:50:21.923021+08:00,DTSC,大同運動中心,健身房,48,90,53.33
2025-09-05T17:50:21.923021+08:00,JJSC,中正運動中心,游泳池,36,200,18.00
2025-09-05T17:50:21.923021+08:00,JJSC,中正運動中心,健身房,54,120,45.00
2025-09-05T17:50:21.923021+08:00,NHSC,內湖運動中心,游泳池,39,200,19.50
2025-09-05T17:50:21.923021+08:00,NHSC,內湖運動中心,健身房,65,130,50.00
2025-09-05T17:50:21.923021+08:00,SLSC,士林運動中心,游泳池,86,200,43.00
2025-09-05T17:50:21.923021+08:00,SLSC,士林運動中心,健身房,44,100,44.00
2025-09-05T17:50:21.923021+08:00,SSSC,松山運動中心,游泳池,151,400,37.75
2025-09-05T17:50:21.923021+08:00,SSSC,松山運動中心,健身房,66,100,66.00
2025-09-05T17:50:21.923021+08:00,WHSC,萬華運動中心,游泳池,33,100,33.00
2025-09-05T17:50:21.923021+08:00,WHSC,萬華運動中心,健身房,44,150,29.33
2025-09-05T17:50:21.923021+08:00,WSSC,文山運動中心,游泳池,62,200,31.00
2025-09-05T17:50:21.923021+08:00,WSSC,文山運動中心,健身房,30,110,27.27
2025-09-05T17:50:21.923021+08:00,XYSC,信義運動中心,游泳池,27,165,16.36
2025-09-05T17:50:21.923021+08:00,XYSC,信義運動中心,健身房,32,65,49.23
2025-09-05T17:50:21.923021+08:00,ZSSC,中山運動中心,游泳池,53,150,35.33
2025-09-05T17:50:21.923021+08:00,ZSSC,中山運動中心,健身房,24,50,48.00
2025-09-05T17:59:34.787168+08:00,BTSC,北投運動中心,游泳池,0,200,0.00
2025-09-05T17:59:34.787168+08:00,BTSC,北投運動中心,健身房,51,60,85.00
2025-09-05T17:59:34.787168+08:00,DASC,大安運動中心,游泳池,95,250,38.00
2025-09-05T17:59:34.787168+08:00,DASC,大安運動中心,健身房,46,80,57.50
2025-09-05T17:59:34.787168+08:00,DTSC,大同運動中心,游泳池,0,250,0.00
2025-09-05T17:59:34.787168+08:00,DTSC,大同運動中心,健身房,50,90,55.56
2025-09-05T17:59:34.787168+08:00,JJSC,中正運動中心,游泳池,32,200,16.00
2025-09-05T17:59:34.787168+08:00,JJSC,中正運動中心,健身房,68,120,56.67
2025-09-05T17:59:34.787168+08:00,NHSC,內湖運動中心,游泳池,41,200,20.50
2025-09-05T17:59:34.787168+08:00,NHSC,內湖運動中心,健身房,67,130,51.54
2025-09-05T17:59:34.787168+08:00,SLSC,士林運動中心,游泳池,84,200,42.00
2025-09-05T17:59:34.787168+08:00,SLSC,士林運動中心,健身房,45,100,45.00
2025-09-05T17:59:34.787168+08:00,SSSC,松山運動中心,游泳池,168,400,42.00
2025-09-05T17:59:34.787168+08:00,SSSC,松山運動中心,健身房,74,100,74.00
2025-09-05T17:59:34.787168+08:00,WHSC,萬華運動中心,游泳池,34,100,34.00
2025-09-05T17:59:34.787168+08:00,WHSC,萬華運動中心,健身房,47,150,31.33
2025-09-05T17:59:34.787168+08:00,WSSC,文山運動中心,游泳池,61,200,30.50
2025-09-05T17:59:34.787168+08:00,WSSC,文山運動中心,健身房,33,110,30.00
2025-09-05T17:59:34.787168+08:00,XYSC,信義運動中心,游泳池,27,165,16.36
2025-09-05T17:59:34.787168+08:00,XYSC,信義運動中心,健身房,32,65,49.23
2025-09-05T17:59:34.787168+08:00,ZSSC,中山運動中心,游泳池,55,150,36.67
2025-09-05T17:59:34.787168+08:00,ZSSC,中山運動中心,健身房,25,50,50.00
2025-09-05T18:31:02.576929+08:00,BTSC,北投運動中心,游泳池,2,200,1.00
2025-09-05T18:31:02.576929+08:00,BTSC,北投運動中心,健身房,48,60,80.00
2025-09-05T18:31:02.576929+08:00,DASC,大安運動中心,游泳池,76,250,30.40
2025-09-05T18:31:02.576929+08:00,DASC,大安運動中心,健身房,36,80,45.00
2025-09-05T18:31:02.576929+08:00,DTSC,大同運動中心,游泳池,0,250,0.00
2025-09-05T18:31:02.576929+08:00,DTSC,大同運動中心,健身房,49,90,54.44
2025-09-05T18:31:02.576929+08:00,JJSC,中正運動中心,游泳池,38,200,19.00
2025-09-05T18:31:02.576929+08:00,JJSC,中正運動中心,健身房,76,120,63.33
2025-09-05T18:31:02.576929+08:00,NHSC,內湖運動中心,游泳池,49,200,24.50
2025-09-05T18:31:02.576929+08:00,NHSC,內湖運動中心,健身房,90,130,69.23
2025-09-05T18:31:02.576929+08:00,SLSC,士林運動中心,游泳池,105,200,52.50
2025-09-05T18:31:02.576929+08:00,SLSC,士林運動中心,健身房,41,100,41.00
2025-09-05T18:31:02.576929+08:00,SSSC,松山運動中心,游泳池,181,400,45.25
2025-09-05T18:31:02.576929+08:00,SSSC,松山運動中心,健身房,79,100,79.00
2025-09-05T18:31:02.576929+08:00,WHSC,萬華運動中心,游泳池,30,100,30.00
2025-09-05T18:31:02.576929+08:00,WHSC,萬華運動中心,健身房,55,150,36.67
2025-09-05T18:31:02.576929+08:00,WSSC,文山運動中心,游泳池,62,200,31.00
2025-09-05T18:31:02.576929+08:00,WSSC,文山運動中心,健身房,33,110,30.00
2025-09-05T18:31:02.576929+08:00,XYSC,信義運動中心,游泳池,29,165,17.58
2025-09-05T18:31:02.576929+08:00,XYSC,信義運動中心,健身房,41,65,63.08
2025-09-05T18:31:02.576929+08:00,ZSSC,中山運動中心,游泳池,65,150,43.33
2025-09-05T18:31:02.576929+08:00,ZSSC,中山運動中心,健身房,25,50,50.00
2025-09-05T18:44:48.518387+08:00,BTSC,北投運動中心,游泳池,0,200,0.00
2025-09-05T18:44:48.518387+08:00,BTSC,北投運動中心,健身房,52,60,86.67
2025-09-05T18:44:48.518387+08:00,DASC,大安運動中心,游泳池,73,250,29.20
2025-09-05T18:44:48.518387+08:00,DASC,大安運動中心,健身房,44,80,55.00
2025-09-05T18:44:48.518387+08:00,DTSC,大同運動中心,游泳池,1,250,0.40
2025-09-05T18:44:48.518387+08:00,DTSC,大同運動中心,健身房,44,90,48.89
2025-09-05T18:44:48.518387+08:00,JJSC,中正運動中心,游泳池,35,200,17.50
2025-09-05T18:44:48.518387+08:00,JJSC,中正運動中心,健身房,77,120,64.17
2025-09-05T18:44:48.518387+08:00,NHSC,內湖運動中心,游泳池,55,200,27.50
2025-09-05T18:44:48.518387+08:00,NHSC,內湖運動中心,健身房,95,130,73.08
2025-09-05T18:44:48.518387+08:00,SLSC,士林運動中心,游泳池,97,200,48.50
2025-09-05T18:44:48.518387+08:00,SLSC,士林運動中心,健身房,47,100,47.00
2025-09-05T18:44:48.518387+08:00,SSSC,松山運動中心,游泳池,172,400,43.00
2025-09-05T18:44:48.518387+08:00,SSSC,松山運動中心,健身房,66,100,66.00
2025-09-05T18:44:48.518387+08:00,WHSC,萬華運動中心,游泳池,31,100,31.00
2025-09-05T18:44:48.518387+08:00,WHSC,萬華運動中心,健身房,46,150,30.67
2025-09-05T18:44:48.518387+08:00,WSSC,文山運動中心,游泳池,56,200,28.00
2025-09-05T18:44:48.518387+08:00,WSSC,文山運動中心,健身房,36,110,32.73
2025-09-05T18:44:48.518387+08:00,XYSC,信義運動中心,游泳池,15,165,9.09
2025-09-05T18:44:48.518387+08:00,XYSC,信義運動中心,健身房,33,65,50.77
2025-09-05T18:44:48.518387+08:00,ZSSC,中山運動中心,游泳池,68,150,45.33
2025-09-05T18:44:48.518387+08:00,ZSSC,中山運動中心,健身房,27,50,54.00
2025-09-05T18:54:32.597376+08:00,BTSC,北投運動中心,游泳池,0,200,0.00
2025-09-05T18:54:32.597376+08:00,BTSC,北投運動中心,健身房,56,60,93.33
2025-09-05T18:54:32.597376+08:00,DASC,大安運動中心,游泳池,71,250,28.40
2025-09-05T18:54:32.597376+08:00,DASC,大安運動中心,健身房,46,80,57.50
2025-09-05T18:54:32.597376+08:00,DTSC,大同運動中心,游泳池,3,250,1.20
2025-09-05T18:54:32.597376+08:00,DTSC,大同運動中心,健身房,45,90,50.00
2025-09-05T18:54:32.597376+08:00,JJSC,中正運動中心,游泳池,43,200,21.50
2025-09-05T18:54:32.597376+08:00,JJSC,中正運動中心,健身房,89,120,74.17
2025-09-05T18:54:32.597376+08:00,NHSC,內湖運動中心,游泳池,62,200,31.00
2025-09-05T18:54:32.597376+08:00,NHSC,內湖運動中心,健身房,97,130,74.62
2025-09-05T18:54:32.597376+08:00,SLSC,士林運動中心,游泳池,70,200,35.00
2025-09-05T18:54:32.597376+08:00,SLSC,士林運動中心,健身房,47,100,47.00
2025-09-05T18:54:32.597376+08:00,SSSC,松山運動中心,游泳池,195,400,48.75
2025-09-05T18:54:32.597376+08:00,SSSC,松山運動中心,健身房,62,100,62.00
2025-09-05T18:54:32.597376+08:00,WHSC,萬華運動中心,游泳池,33,100,33.00
2025-09-05T18:54:32.597376+08:00,WHSC,萬華運動中心,健身房,50,150,33.33
2025-09-05T18:54:32.597376+08:00,WSSC,文山運動中心,游泳池,62,200,31.00
2025-09-05T18:54:32.597376+08:00,WSSC,文山運動中心,健身房,37,110,33.64
2025-09-05T18:54:32.597376+08:00,XYSC,信義運動中心,游泳池,16,165,9.70
2025-09-05T18:54:32.597376+08:00,XYSC,信義運動中心,健身房,35,65,53.85
2025-09-05T18:54:32.597376+08:00,ZSSC,中山運動中心,游泳池,69,150,46.00
2025-09-05T18:54:32.597376+08:00,ZSSC,中山運動中心,健身房,32,50,64.00
2025-09-05T19:11:12.917720+08:00,BTSC,北投運動中心,游泳池,0,200,0.00
2025-09-05T19:11:12.917720+08:00,BTSC,北投運動中心,健身房,54,60,90.00
2025-09-05T19:11:12.917720+08:00,DASC,大安運動中心,游泳池,73,250,29.20
2025-09-05T19:11:12.917720+08:00,DASC,大安運動中心,健身房,44,80,55.00
2025-09-05T19:11:12.917720+08:00,DTSC,大同運動中心,游泳池,10,250,4.00
2025-09-05T19:11:12.917720+08:00,DTSC,大同運動中心,健身房,41,90,45.56
2025-09-05T19:11:12.917720+08:00,JJSC,中正運動中心,游泳池,32,200,16.00
2025-09-05T19:11:12.917720+08:00,JJSC,中正運動中心,健身房,98,120,81.67
2025-09-05T19:11:12.917720+08:00,NHSC,內湖運動中心,游泳池,62,200,31.00
2025-09-05T19:11:12.917720+08:00,NHSC,內湖運動中心,健身房,92,130,70.77
2025-09-05T19:11:12.917720+08:00,SLSC,士林運動中心,游泳池,69,200,34.50
2025-09-05T19:11:12.917720+08:00,SLSC,士林運動中心,健身房,50,100,50.00
2025-09-05T19:11:12.917720+08:00,SSSC,松山運動中心,游泳池,225,400,56.25
2025-09-05T19:11:12.917720+08:00,SSSC,松山運動中心,健身房,70,100,70.00
2025-09-05T19:11:12.917720+08:00,WHSC,萬華運動中心,游泳池,37,100,37.00
2025-09-05T19:11:12.917720+08:00,WHSC,萬華運動中心,健身房,59,150,39.33
2025-09-05T19:11:12.917720+08:00,WSSC,文山運動中心,游泳池,60,200,30.00
2025-09-05T19:11:12.917720+08:00,WSSC,文山運動中心,健身房,35,110,31.82
2025-09-05T19:11:12.917720+08:00,XYSC,信義運動中心,游泳池,11,165,6.67
2025-09-05T19:11:12.917720+08:00,XYSC,信義運動中心,健身房,37,65,56.92
2025-09-05T19:11:12.917720+08:00,ZSSC,中山運動中心,游泳池,65,150,43.33
2025-09-05T19:11:12.917720+08:00,ZSSC,中山運動中心,健身房,39,50,78.00
2025-09-05T19:25:08.410420+08:00,BTSC,北投運動中心,游泳池,0,200,0.00
2025-09-05T19:25:08.410420+08:00,BTSC,北投運動中心,健身房,54,60,90.00
2025-09-05T19:25:08.410420+08:00,DASC,大安運動中心,游泳池,73,250,29.20
2025-09-05T19:25:08.410420+08:00,DASC,大安運動中心,健身房,42,80,52.50
2025-09-05T19:25:08.410420+08:00,DTSC,大同運動中心,游泳池,4,250,1.60
2025-09-05T19:25:08.410420+08:00,DTSC,大同運動中心,健身房,41,90,45.56
2025-09-05T19:25:08.410420+08:00,JJSC,中正運動中心,游泳池,30,200,15.00
2025-09-05T19:25:08.410420+08:00,JJSC,中正運動中心,健身房,106,120,88.33
2025-09-05T19:25:08.410420+08:00,NHSC,內湖運動中心,游泳池,67,200,33.50
2025-09-05T19:25:08.410420+08:00,NHSC,內湖運動中心,健身房,86,130,66.15
2025-09-05T19:25:08.410420+08:00,SLSC,士林運動中心,游泳池,71,200,35.50
2025-09-05T19:25:08.410420+08:00,SLSC,士林運動中心,健身房,50,100,50.00
2025-09-05T19:25:08.410420+08:00,SSSC,松山運動中心,游泳池,239,400,59.75
2025-09-05T19:25:08.410420+08:00,SSSC,松山運動中心,健身房,72,100,72.00
2025-09-05T19:25:08.410420+08:00,WHSC,萬華運動中心,游泳池,33,100,33.00
2025-09-05T19:25:08.410420+08:00,WHSC,萬華運動中心,健身房,48,150,32.00
2025-09-05T19:25:08.410420+08:00,WSSC,文山運動中心,游泳池,46,200,23.00
2025-09-05T19:25:08.410420+08:00,WSSC,文山運動中心,健身房,36,110,32.73
2025-09-05T19:25:08.410420+08:00,XYSC,信義運動中心,游泳池,15,165,9.09
2025-09-05T19:25:08.410420+08:00,XYSC,信義運動中心,健身房,34,65,52.31
2025-09-05T19:25:08.410420+08:00,ZSSC,中山運動中心,游泳池,44,150,29.33
2025-09-05T19:25:08.410420+08:00,ZSSC,中山運動中心,健身房,46,50,92.00
